Device,Brand,RAM,Year,Android,Updated,Lib,CPU-Qscore,CPU-Fscore,INT8NNAPI 1.1,INT8NNAPI 1.2,INT8Accuracy,FP16NNAPI 1.1,FP16NNAPI 1.2,FP16Accuracy,INT8Parallel,FP16Parallel,LSTM,Memory
Google Pixel 6 Pro,Google,12,2021,12,10.21,nn,4666,7637,36712,39510,95.9,40550,78927,80.5,5814,10368,3501,1600
Google Pixel 6,Google,8,2021,12,10.21,nn,4712,7652,37035,39049,95.9,38893,72832,80.5,5746,10438,3547,1600
Google Pixel 6 Pro,Google,12,2021,12,10.21,nn,4273,7080,33749,36276,95.9,35426,67843,78.8,5194,8750,1662,1600
Google Pixel 6,Google,8,2021,12,10.21,nn,4267,7061,34029,36200,95.9,34396,64188,78.8,5142,8658,1657,1600
Huawei P50 Pro,Huawei,8,2021,10,7.21,nn,4495,8679,22966,13850,93.9,36840,74206,82,1790,4164,466,2100
Huawei Mate 40 Pro,Huawei,8,2020,10,6.21,nn,4506,8527,24284,14217,62.5,36825,74102,81.9,1787,4227,435,2100
Huawei Mate 40 Pro+,Huawei,12,2020,10,6.21,nn,4428,8571,24220,14143,62.5,36472,73767,81.9,1790,4106,431,2100
Oppo Find X3 Pro,Oppo,12,2021,11,6.21,nn,5502,9632,43220,47295,92.1,12673,26491,61.8,4575,2103,708,2700
LG V70,LG,8,2021,11,4.21,nn,4948,8714,43790,47090,92.1,12762,26502,61.8,4714,1973,736,2700
Sony Xperia 1 III,Sony,12,2021,11,7.21,nn,5571,9724,42223,45111,92.1,12902,26716,61.8,5062,1954,815,2800
Samsung Galaxy S21 Ultra,Samsung,12,2021,11,4.21,ne,4839,9632,32314,27394,93,15982,37336,86.4,2237,2780,7324,2800
Samsung Galaxy S21 Ultra,Samsung,12,2021,11,6.21,nn,5302,9192,41254,46279,92.1,12219,25950,61.8,4117,1863,709,2800
Samsung Galaxy S21+,Samsung,8,2021,11,6.21,nn,5220,8745,41130,46856,92.1,12357,25741,61.8,4166,1839,744,2700
Samsung Galaxy S21,Samsung,8,2021,11,6.21,nn,5171,8689,41237,46617,92.1,12246,25631,61.8,4114,1836,702,2700
Realme GT Neo2T,Realme,12,2021,11,10.21,mm,4926,10169,20784,21497,97.7,16500,32076,90.8,2905,3821,5457,2800
OnePlus Nord 2 5G,OnePlus,8,2021,11,6.21,mm,4995,9559,20580,21266,97.7,16522,32368,90.8,2827,3764,5508,2800
Samsung Galaxy S21 Ultra,Samsung,12,2021,11,2.21,nn,4649,9495,25392,23549,93,12659,31980,86.4,1917,2035,6263,2800
Huawei Mate 40,Huawei,8,2020,10,7.21,nn,4422,8598,16285,11394,93.9,24991,51371,82,1200,2767,338,2100
Samsung Galaxy S21+,Samsung,8,2021,11,2.21,nn,4603,9396,25224,23782,93,12647,31883,86.4,1912,2054,6263,2800
Samsung Galaxy S21,Samsung,8,2021,11,2.21,nn,4549,9268,25457,23599,93,12620,31851,86.4,1953,2051,6283,2800
Asus ROG Phone 5,Asus,16,2021,11,6.21,nn,5514,8906,38141,30843,92.1,11544,25113,61.8,3691,1564,767,2800
Zenfone 8,Zenfone,16,2021,11,6.21,nn,5215,8593,37437,30267,92.1,11652,25196,61.8,3732,1513,732,2800
Asus ROG Phone 5 Ultimate,Asus,18,2021,11,6.21,nn,5441,8990,36527,30496,92.1,11279,25164,61.8,3600,1494,738,2800
Realme GT Neo,Realme,12,2021,11,6.21,nn,5008,9622,19517,20632,97.7,14380,28218,83.6,2876,3753,1496,2800
vivo S9,vivo,8,2021,11,6.21,mm,4537,9049,19552,20170,97.7,13276,26687,90.8,2990,3727,4471,2800
Xiaomi Mi 11X Pro,Xiaomi,8,2021,11,6.21,nn,4790,7805,31901,27526,92.1,9232,23559,61.8,3614,946,330,2700
vivo iQOO Z1,vivo,6,2020,11,6.21,mm,4083,7892,18640,18882,97.7,12911,25542,90.8,2532,3188,3998,2800
Xiaomi Redmi K40 Pro,Xiaomi,8,2021,11,6.21,nn,4879,7902,31399,26149,92.1,8469,23079,61.8,3242,880,226,2700
Xiaomi Mi 11i,Xiaomi,8,2021,11,6.21,nn,4679,7536,30479,26959,92.1,8928,23396,61.8,3355,904,327,2700
Xiaomi Mi 11 Ultra,Xiaomi,12,2021,11,6.21,nn,4659,7511,31073,26437,92.1,8768,22884,61.8,3391,918,277,2800
vivo X60 Pro+,vivo,12,2021,11,6.21,nn,4592,7557,31260,26037,92.1,8753,22637,61.4,3483,924,230,2800
vivo iQOO 7,vivo,12,2021,11,6.21,nn,4645,7739,30609,25558,92.1,9287,22745,61.9,3421,984,229,2800
Xiaomi Redmi K30 Ultra,Xiaomi,8,2020,11,6.21,nn,4266,8592,16212,18498,97.7,13063,26218,84.2,2325,3266,1501,2800
Xiaomi Mi 11,Xiaomi,8,2020,11,6.21,nn,4744,7827,31407,26081,92.1,7887,19807,61.9,3319,1013,249,2700
Honor 30 Pro+,Honor,8,2020,10,6.21,nn,4050,8145,12315,6495,94.8,26556,38128,81.9,853,2496,456,2100
Huawei Mate 30 Pro 5G,Huawei,8,2019,10,6.21,nn,3980,8100,12295,6422,94.8,26639,37788,83,883,2431,479,2100
Honor V30 Pro,Honor,8,2019,10,6.21,nn,4064,8125,12245,6506,94.8,26017,37971,83,875,2569,492,2100
Huawei P40,Huawei,8,2020,10,6.21,nn,4070,8096,12220,6514,94.8,25457,37914,83,866,2622,496,2100
Huawei P40 Pro,Huawei,8,2020,10,6.21,nn,4056,8118,12203,6505,94.8,25459,37803,83,892,2580,485,2100
Realme X7 Pro,Realme,8,2020,10,6.21,nn,4229,8392,16024,17705,97.7,12404,25090,84.2,2111,3017,1359,2800
ZTE nubia Red Magic 6 Pro,ZTE,16,2021,11,6.21,nn,3820,5957,30694,25327,92.1,8335,21825,61.8,3169,867,203,2800
Oppo Reno5 Pro 5G,Oppo,8,2020,11,6.21,nn,4122,8325,14369,16292,97.7,9947,23725,82.1,2056,2728,507,2800
Huawei MatePad Pro,Huawei,8,2019,10,6.21,nn,3963,7841,8696,5827,94.8,18236,30482,83,616,2267,483,2100
Huawei nova 6 5G,Huawei,8,2019,10,6.21,nn,3898,7796,8687,5821,94.8,18216,30604,83,617,2262,476,2100
Huawei Mate 30 Pro,Huawei,8,2019,10,6.21,nn,3937,7857,8646,5835,94.8,18098,30425,83,619,2270,485,2100
Asus Zenfone 7,Asus,8,2020,11,6.21,hg,4525,9185,14162,11377,90.3,10980,20076,54.7,1535,1720,3198,2800
Asus Zenfone 7 Pro,Asus,8,2020,10,6.21,hg,4232,8752,14070,11412,90.3,10894,19993,54.7,1544,1688,3112,2800
Asus ROG Phone 3,Asus,12,2020,10,6.21,hg,4204,7352,13965,11222,90.3,10795,19223,54.7,1572,1738,2793,2800
Huawei nova 7 5G,Huawei,8,2020,10,6.21,nn,3009,6739,8118,5368,94.8,16810,27007,82.5,528,1536,416,2100
Honor 30,Honor,8,2020,10,6.21,nn,3133,6872,8133,5356,94.8,16440,26510,81.9,533,1535,513,2100
Realme X50 Pro 5G,Realme,8,2020,11,6.21,ng,4229,8805,12723,12683,94.1,8899,16903,54.7,1441,1608,2666,3000
Oppo Find X3,Oppo,8,2021,11,6.21,hg,3989,7493,14282,11100,90.3,9757,18156,54.7,1618,1869,2175,3000
Xiaomi Redmi 10X Pro 5G,Xiaomi,8,2020,10,6.21,nn,3583,6970,11651,12598,97.7,7884,15390,83.7,1782,2271,1249,2800
Xiaomi Redmi Note 10,Xiaomi,6,2020,10,6.21,nn,3649,7138,11581,12677,97.7,7830,15357,83.7,1804,2263,1225,2800
vivo S9e,vivo,8,2021,11,6.21,nn,3636,7358,11770,12203,97.7,7942,16442,83.6,1526,2007,778,2800
vivo iQOO Neo5,vivo,8,2021,11,6.21,hg,4023,7455,14318,10819,90.3,9630,18103,54.7,1655,1773,2072,2800
Realme X2 Pro,Realme,8,2019,11,6.21,hg,4046,8471,13732,11294,90.3,8762,16030,54.7,1502,1563,2523,3000
vivo iQOO 3 5G,vivo,8,2020,11,6.21,hg,4143,7695,13934,11247,90.3,9108,16631,54.7,1556,1591,2657,2800
Oppo Find X2 Pro,Oppo,12,2020,11,6.21,hg,3946,8283,13494,11056,90.3,8929,16691,54.7,1567,1658,2360,3000
LG V60 ThinQ 5G,LG,8,2020,11,6.21,hg,4317,7339,14259,11594,90.3,9109,16561,54.7,1650,1640,2423,2800
Samsung Galaxy S20+ 5G,Samsung,12,2020,11,6.21,ee,3549,7522,4527,4903,99.9,9902,25677,86.4,397,1174,4968,2800
Samsung Galaxy S20+,Samsung,8,2020,11,6.21,ee,3560,7605,4437,4896,99.9,10306,25435,86.4,429,1138,4965,2800
Xiaomi Mi 10 5G,Xiaomi,8,2020,10,6.21,hg,3840,7453,13952,11072,90.3,9299,16966,54.7,1559,1583,2221,2800
Samsung Galaxy S20,Samsung,8,2020,11,6.21,ee,3370,7348,4533,4944,99.9,9745,26113,86.4,450,1230,4966,2800
ZTE Nubia Red Magic 5G,ZTE,8,2020,10,6.21,hg,3916,7996,13945,11048,90.3,8898,16581,54.7,1608,1631,2194,2800
Samsung Galaxy S20 Ultra 5G,Samsung,12,2020,11,6.21,ee,3673,7686,4435,4880,99.9,10095,25080,86.4,450,1282,4853,2800
Realme X3 SuperZoom,Realme,12,2020,11,6.21,hg,3992,8337,12897,10186,90.3,8977,16644,54.7,1349,1539,2504,3000
Asus ROG Phone II,Asus,12,2019,10,6.21,hg,3895,7131,13344,10880,90.3,9477,17015,54.7,1520,1475,2343,2800
Lenovo Legion Pro,Lenovo,16,2020,11,6.21,hg,3915,7403,13845,10682,90.3,9326,17416,54.7,1527,1772,2109,2800
Xiaomi Mi 10 Pro 5G,Xiaomi,12,2020,11,6.21,hg,3993,7936,13837,10892,90.3,8568,16145,54.7,1551,1595,2313,2800
Lenovo Pad Pro 2021,Lenovo,6,2021,11,6.21,hg,3677,6814,13971,10760,90.3,9579,17552,54.7,1558,1761,1968,3000
Realme X3,Realme,8,2020,11,6.21,hg,3938,8291,12684,10126,90.3,9190,16460,54.7,1319,1572,2531,3000
Samsung Galaxy Note20 5G,Samsung,8,2020,11,6.21,hg,3938,7172,13606,10753,90.3,9337,17680,54.7,1545,1708,2208,2800
Samsung Galaxy Z Fold2 5G,Samsung,12,2020,11,6.21,hg,3927,7131,13478,10801,90.3,9359,17233,54.7,1483,1695,2200,3000
Samsung Galaxy Note20 Ultra 5G,Samsung,12,2020,11,6.21,hg,3918,7198,13618,10873,90.3,9189,17235,54.7,1516,1691,2257,2800
Oppo A92s,Oppo,8,2020,10,6.21,nn,2878,6337,10906,12122,97.7,7664,14806,83.7,1764,2305,1233,2800
Samsung Galaxy S20 FE,Samsung,8,2020,11,6.21,ee,3981,8056,4137,4613,99.9,9610,22941,86.4,436,1421,4828,2800
Samsung Galaxy S20 FE 5G,Samsung,6,2020,11,6.21,hg,3845,7253,13848,11067,90.3,8839,16480,54.7,1567,1601,2142,2800
Xiaomi Mi 10T Pro 5G,Xiaomi,8,2020,11,6.21,hg,3848,7357,13595,10743,90.3,8704,16501,54.7,1527,1650,2034,2800
Oppo Reno4 Z 5G,Oppo,8,2020,11,6.21,mm,2996,6509,10526,12088,97.7,7087,14341,89.5,1700,2102,2511,2800
vivo X60 Pro,vivo,12,2021,11,6.21,hg,3519,5954,14097,10605,90.3,9325,17477,54.7,1613,1851,1775,2800
Samsung Galaxy Tab S7+,Samsung,6,2020,11,6.21,hg,3704,6503,13630,10257,90.3,9496,17375,54.7,1562,1789,1763,3000
OnePlus 8T,OnePlus,8,2020,11,6.21,ng,3990,8220,11235,10784,94.1,8807,16727,54.7,1478,1530,2531,2800
vivo X60,vivo,8,2021,11,6.21,hg,3617,6107,13949,10596,90.3,9603,17332,54.7,1610,1867,1777,2800
Samsung Galaxy S20 Ultra 5G,Samsung,12,2020,11,6.21,hg,3912,7064,13809,10991,90.3,8640,16159,54.7,1597,1532,2104,2800
Xiaomi Black Shark 3,Xiaomi,8,2020,10,6.21,hg,3954,7286,13197,11028,90.3,8397,16006,54.7,1572,1583,2109,2800
Samsung Galaxy S20+ 5G,Samsung,12,2020,11,6.21,hg,3911,7164,13630,10755,90.3,8650,16302,54.7,1557,1549,2002,2800
Samsung Galaxy S20 5G,Samsung,12,2020,11,6.21,hg,3914,7121,13666,10841,90.3,8659,16160,54.7,1532,1546,2077,2800
OnePlus 8 Pro,OnePlus,12,2020,11,6.21,ng,3902,8124,11156,10597,94.1,8550,16570,54.7,1452,1491,2471,2800
OnePlus 9R,OnePlus,8,2021,11,6.21,hg,4066,7538,11627,8991,91.2,9463,17961,54.7,1524,1713,2106,2800
Ulefone Armor 10 5G,Ulefone,8,2020,10,6.21,nn,3003,6508,10474,11603,97.7,7350,14313,83.7,1682,2130,818,2800
Blackview BL6000 Pro,Blackview,8,2020,10,6.21,nn,2991,6452,10564,11520,97.7,7318,14287,83.7,1661,2112,811,2800
Ulefone Armor 11,Ulefone,8,2021,10,6.21,nn,3001,6461,10455,11533,97.7,7317,14317,83.7,1649,2126,812,2800
Oukitel WP10 5G,Oukitel,8,2020,10,6.21,nn,3028,6437,10399,11503,97.7,7258,14251,83.7,1615,2122,808,2800
Xiaomi Redmi K30 Pro,Xiaomi,6,2020,11,6.21,hg,3335,6052,14171,10602,90.3,8921,15926,54.7,1678,1714,1744,2600
Samsung Galaxy S20 FE,Samsung,6,2020,11,6.21,hg,3460,6448,13619,10319,90.3,8951,16274,54.7,1529,1647,1687,2800
vivo X50 Pro+,vivo,8,2020,10,6.21,hg,3224,5710,13705,10265,90.3,8340,16144,54.7,1534,1546,1611,2800
vivo NEX 3S 5G,vivo,8,2020,10,6.21,hg,3285,5613,13549,10123,90.3,8548,15939,54.7,1571,1654,1721,2800
Sony Xperia 1,Sony,6,2019,10,6.21,hg,3996,6962,13145,10733,90.3,7845,14085,54.7,1462,1421,2128,2400
Sony Xperia 1 II,Sony,12,2020,11,6.21,hg,3291,6060,13902,10321,90.3,8621,15992,54.7,1540,1632,1721,2400
Oneplus 8,Oneplus,12,2020,11,6.21,ng,3655,6639,10595,10093,94.1,8891,16439,54.7,1429,1590,1907,2800
Sony Xperia 5 II,Sony,8,2020,11,6.21,hg,3334,5936,13691,10291,90.3,8643,15968,54.7,1522,1609,1688,2400
Lenovo Z6 Pro,Lenovo,8,2019,11,6.21,hg,3157,6788,13344,10355,90.3,7961,14268,54.7,1478,1442,1708,2800
Samsung Galaxy Tab S6,Samsung,6,2019,10,6.21,hg,3615,6930,12903,9908,90.3,7746,13976,54.7,1403,1453,1572,3000
Fujitsu Arrows 5G,Fujitsu,8,2020,11,6.21,hg,2917,5603,13680,10159,90.3,8355,15705,54.7,1493,1577,1713,2800
Samsung Galaxy Note10+,Samsung,12,2019,11,6.21,hg,3651,6916,12738,9895,90.3,7752,13989,54.7,1357,1410,1664,2800
Sharp Aquos R5G,Sharp,12,2020,11,6.21,hg,2820,5319,13356,10202,90.3,8274,15569,54.7,1471,1536,1631,3000
Microsoft Surface Duo,Microsoft,6,2020,10,6.21,hg,3033,5707,13091,10001,90.3,8133,14371,54.7,1437,1292,1709,3000
Xiaomi Mi 9,Xiaomi,8,2019,10,6.21,hg,3166,6406,12793,10056,90.3,7989,14088,54.7,1396,1382,1811,2800
Xiaomi Mi 9T Pro,Xiaomi,8,2019,10,6.21,hg,3223,6486,12593,10020,90.3,8031,14019,54.7,1375,1350,1793,2800
Samsung Galaxy S10+,Samsung,8,2019,11,6.21,hg,3605,6931,12277,9652,90.3,7792,13991,54.7,1327,1441,1959,2800
Samsung Galaxy S10,Samsung,8,2019,11,6.21,hg,3591,6990,12252,9601,90.3,7663,14042,54.7,1311,1420,1850,2800
Samsung Galaxy A90 5G,Samsung,6,2019,10,6.21,hg,3573,6851,12715,9608,90.3,7523,13737,54.7,1367,1383,1566,2800
Samsung Galaxy Note10,Samsung,8,2019,11,6.21,hg,3632,6837,12395,9418,90.3,7579,13713,54.7,1330,1426,1648,2900
LG V50 ThinQ 5G,LG,6,2019,10,6.21,hg,3136,5651,13207,9958,90.3,7790,13891,54.7,1449,1437,1599,2800
LG G8 ThinQ,LG,6,2019,10,6.21,hg,3185,5555,13272,9970,90.3,7766,13848,54.7,1434,1440,1563,2800
LG V50S ThinQ 5G,LG,8,2019,10,6.21,hg,3332,5606,13245,9919,90.3,7632,13742,54.7,1454,1457,1514,2800
Lenovo Z5 Pro GT,Lenovo,8,2018,10,6.21,hg,3181,5646,13207,9971,90.3,7568,13797,54.7,1428,1397,1506,2800
LG G8S ThinQ,LG,6,2019,10,6.21,hg,3150,5747,13239,9927,90.3,7495,13576,54.7,1465,1438,1529,2800
Samsung Galaxy S10e,Samsung,6,2019,11,6.21,hg,3583,6970,12039,9411,90.3,7629,13679,54.7,1314,1454,1866,2800
Samsung Galaxy Note20 Ultra 5G,Samsung,12,2020,11,6.21,ee,3872,7938,3148,4203,99.9,7942,20726,86.4,333,977,3838,2800
Samsung Galaxy Note20 Ultra,Samsung,8,2020,11,6.21,ee,3792,7998,3341,4168,99.9,8006,20251,86.4,349,1068,3904,2800
HTC 5G Hub,HTC,4,2019,9,6.21,hg,3373,5498,13461,9864,90.3,7120,13390,54.7,1492,1387,1210,3000
Samsung Galaxy Fold 5G,Samsung,12,2019,11,6.21,hg,3111,6346,12389,9500,90.3,7491,13834,54.7,1338,1465,1587,3000
ZTE nubia Red Magic 3,ZTE,12,2019,9,6.21,hg,3069,5592,12909,9914,90.3,6859,13151,54.7,1495,1377,1727,3000
Samsung Galaxy Z Flip,Samsung,8,2020,11,6.21,hg,3130,6374,12141,9137,90.3,7466,13964,54.7,1265,1474,1496,3000
Samsung Galaxy Note20,Samsung,8,2020,11,6.21,ee,3994,8031,3495,4014,99.9,7298,19934,86.4,342,1039,3885,2800
ZTE Axon 10 Pro 5G,ZTE,6,2019,10,6.21,hg,3049,5441,13015,9867,90.3,7348,13399,54.7,1439,1376,1530,2800
Xiaomi Mi Mix 3 5G,Xiaomi,6,2019,9,6.21,hg,3234,5721,12663,9789,90.3,6947,13282,54.7,1386,1367,1493,3000
Asus Zenfone 6,Asus,8,2019,11,6.21,hg,3286,6137,12328,9245,90.3,7390,13963,54.7,1411,1475,1318,2800
OnePlus 7T Pro,OnePlus,8,2019,11,6.21,nn,3447,6319,10846,8112,91.2,8245,14541,54.7,1414,1559,1574,3000
Xiaomi Black Shark 2,Xiaomi,12,2019,10,6.21,hg,2625,5084,13010,9877,90.3,7448,13126,54.7,1481,1449,1494,2800
OnePlus 7T,OnePlus,8,2019,11,6.21,nn,3191,6170,10371,8244,91.2,8205,15134,54.7,1343,1546,1663,3000
Motorola Moto G100,Motorola,8,2021,11,6.21,nn,3974,6912,12237,9073,91.2,8913,17609,61.1,1535,1478,486,1000
Xiaomi Mi 10S,Xiaomi,8,2021,11,6.21,nn,3694,6988,11220,10555,94.1,7843,17720,61.1,1486,854,245,1000
Xiaomi Mi 11X,Xiaomi,6,2021,11,6.21,nn,3933,7561,11097,10470,94.1,7344,16972,61.1,1712,752,259,1000
Xiaomi Poco F3,Xiaomi,6,2021,11,6.21,nn,3994,7490,11073,10458,94.1,7298,17168,61.1,1687,773,259,1000
OnePlus 7,OnePlus,8,2019,11,6.21,ng,3054,5790,10520,8631,91.2,7291,13813,54.7,1502,1445,1488,3000
Samsung Galaxy Note10+,Samsung,12,2019,11,6.21,ee,2462,4813,3166,4048,99.9,8377,20931,86.4,389,1043,4270,2800
Realme GT 5G,Realme,8,2021,11,6.21,cn,5321,9504,567,479,100,12525,26420,62,41,2078,923,2700
Xiaomi Redmi K40,Xiaomi,6,2021,11,6.21,nn,4009,7652,10970,10516,94.1,7274,16771,61.1,1585,795,254,1000
Xiaomi Redmi K20 Pro,Xiaomi,6,2019,11,6.21,hg,2582,5293,12141,8986,90.3,7167,13020,54.7,1267,1343,1582,2800
Xiaomi Black Shark 4,Xiaomi,8,2021,11,6.21,nn,3969,7471,11168,9716,94.1,7286,17368,61.1,1664,764,259,1000
OnePlus 7 Pro,OnePlus,8,2019,11,6.21,ng,3078,5922,10206,8190,91.2,7396,13828,54.7,1377,1385,1614,3000
Samsung Galaxy Note10,Samsung,8,2019,11,6.21,ee,2467,4675,3072,4026,99.9,8224,20420,86.4,368,1080,4274,2800
vivo X60 Pro,vivo,8,2020,11,6.21,nn,3876,7750,3355,4171,99.9,6427,17574,87.1,303,828,3381,2800
Samsung Galaxy S10+,Samsung,8,2019,11,6.21,ee,2433,4739,2938,3830,99.9,8121,20243,86.2,360,1089,4147,2800
Motorola Edge+,Motorola,12,2020,11,6.21,nn,3359,6455,11374,8816,91.2,8303,16614,61.1,1517,1507,454,1000
Oppo Reno 10x Zoom,Oppo,12,2019,10,6.21,ng,2972,6357,9536,6406,91.2,7690,14309,54.7,975,1397,1911,3000
Samsung Galaxy S10,Samsung,8,2019,11,6.21,ee,2470,4775,2973,3815,99.9,7974,19991,86.4,371,1064,4143,2800
Xiaomi Mi 10 Ultra,Xiaomi,12,2020,11,6.21,nn,3778,7377,10736,10472,94.1,6682,15740,61.1,1541,770,251,1000
Samsung Galaxy S10e,Samsung,6,2019,11,6.21,ee,2459,4661,2950,3830,99.9,8053,20171,86.2,359,1108,4144,2600
Xiaomi Poco F2 Pro,Xiaomi,6,2020,11,6.21,nn,3303,5848,10318,10367,94.1,6887,15973,61.1,1526,802,222,1000
Samsung Galaxy M62,Samsung,8,2021,11,6.21,ee,2255,4174,2732,3809,99.9,6807,17433,86.4,299,784,3648,2800
OnePlus 7 Pro 5G,OnePlus,8,2019,10,6.21,ng,2854,5513,8177,5604,91.2,7321,13436,54.7,767,1358,1504,2800
Samsung Galaxy F62,Samsung,6,2021,11,6.21,ee,2368,4273,2675,3784,99.9,6725,17103,86.4,298,802,3459,2600
Xiaomi Poco X3 Pro,Xiaomi,6,2021,11,6.21,nn,3570,6912,9849,7836,91.2,5307,13239,61.2,1225,778,264,1000
OnePlus 9 Pro,OnePlus,12,2021,11,6.21,cn,4897,8021,456,409,100,8861,22406,61.8,42,946,260,2800
OnePlus 9,OnePlus,12,2021,11,6.21,cn,4926,8060,458,412,100,8646,22438,61.7,42,909,240,2800
Realme X50 5G,Realme,8,2020,10,6.21,hg,2701,5829,8244,6908,90.3,4713,7644,54.7,1098,760,1375,3000
Huawei Mate 20,Huawei,6,2018,10,6.21,gg,3303,6025,2995,3159,86.6,6583,12443,78.4,450,1256,1298,3000
Huawei Mate 20 Pro,Huawei,6,2018,10,6.21,gg,3317,6045,2971,3173,86.6,6390,12474,78.4,451,1264,1324,3000
Huawei P30 Pro,Huawei,8,2019,10,6.21,gg,3315,6023,2982,3155,86.6,6485,12386,78.4,451,1255,1299,3000
Huawei P30,Huawei,6,2019,10,6.21,gg,3297,5997,2975,3155,86.6,6492,12380,78.4,445,1251,1312,3000
Honor View 20,Honor,6,2018,10,6.21,gg,3318,6021,2946,3146,86.6,6454,12325,78.4,443,1228,1369,3000
Huawei nova 5T,Huawei,8,2019,10,6.21,gg,3315,6020,2973,3137,86.6,6414,12325,78.4,450,1252,1302,3000
Honor 20 Pro,Honor,8,2019,10,6.21,gg,3306,6011,2964,3141,86.6,6478,12300,78.4,451,1255,1268,3000
Huawei Mate 20 X,Huawei,6,2018,10,6.21,gg,3285,5992,2958,3141,86.6,6311,12287,78.4,455,1192,1324,3000
Huawei MediaPad M6 10.8,Huawei,4,2019,10,6.21,gg,3158,5964,2960,3122,86.6,6473,12215,78.4,444,1222,1267,2800
Sharp Aquos R3,Sharp,6,2019,11,6.21,nn,2615,5067,9794,7871,91.2,4986,11530,61.2,1224,777,249,1000
Sharp Aquos Zero 2,Sharp,8,2020,11,6.21,nn,2609,4997,9718,7878,91.2,5029,11578,61.2,1233,735,210,1000
Asus ROG Phone,Asus,8,2018,9,6.21,hg,1500,4578,5906,4693,90.3,7218,11370,54.7,760,1184,1645,3000
Asus Zenfone 5z,Asus,6,2018,10,6.21,hg,1547,4432,5734,4652,90.3,7395,11342,54.7,764,1247,1680,2800
Huawei nova 7 SE,Huawei,8,2020,10,6.21,nn,2933,6201,5871,1062,85.2,13660,4336,82.7,311,1142,307,2200
Google Pixel 4 XL,Google,6,2019,11,6.21,nn,2927,5609,5397,8077,95.4,5447,11649,61.2,1388,1081,269,1000
Huawei P40 Lite 5G,Huawei,6,2020,10,6.21,nn,2953,6171,5865,1041,85.2,13696,4317,82.7,311,1127,309,2200
Google Pixel 4,Google,6,2019,11,6.21,nn,2918,5564,5441,7949,95.4,5385,11612,61.2,1374,1087,242,1000
Xiaomi Pocophone F1,Xiaomi,6,2018,11,6.21,hg,1505,3873,5703,4412,90.3,7295,11789,54.7,775,1343,1338,2800
Xiaomi Mi Mix 2S,Xiaomi,6,2018,10,6.21,hg,1331,4125,5760,4610,90.3,7106,10984,54.7,759,1220,1590,2800
Nokia 9 PureView,Nokia,6,2019,10,6.21,hg,1464,3824,5714,4443,90.3,6642,10596,54.7,789,1274,1293,3000
LG Wing 5G,LG,8,2020,10,6.21,hg,1897,4049,7855,6074,90.3,4351,7238,54.7,983,809,876,2800
Xiaomi Black Shark,Xiaomi,8,2018,9,6.21,hg,1387,3761,5721,4309,90.3,6471,10476,54.7,760,1228,1282,2900
Razer Phone 2,Razer,8,2018,9,6.21,hg,1396,3698,5638,4277,90.3,6529,10463,54.7,753,1226,1260,3000
Xiaomi Mi 8 Pro,Xiaomi,8,2018,10,6.21,hg,1270,3620,5661,4335,90.3,6715,10428,54.7,746,1220,1289,2800
ZTE nubia Red Magic Mars,ZTE,8,2018,9,6.21,hg,1318,3622,5688,4263,90.3,6543,10315,54.6,753,1165,1310,3000
ZTE Rakuten Big,ZTE,6,2020,10,6.21,hg,1855,4066,7923,6031,90.3,4363,7242,54.7,990,806,821,2600
OnePlus 6,OnePlus,8,2018,10,6.21,hg,1485,3644,5628,4289,90.3,6469,10342,54.7,750,1220,1245,2800
OnePlus 6T,OnePlus,8,2018,10,6.21,hg,1490,3673,5606,4278,90.3,6433,10325,54.7,747,1217,1240,2800
Sony Xperia XZ2,Sony,4,2018,10,6.21,hg,1386,4047,5656,4348,90.3,6558,10500,54.7,748,1179,1338,2300
Xiaomi Mi 8,Xiaomi,6,2018,10,6.21,hg,1329,3570,5609,4279,90.3,6595,10302,54.7,749,1226,1239,2800
Xiaomi Mi Mix 3,Xiaomi,6,2018,10,6.21,hg,1275,3455,5608,4271,90.3,6678,10471,54.7,739,1234,1187,2800
ZTE nubia Play,ZTE,6,2020,10,6.21,hg,1751,3896,7852,6078,90.3,4230,6966,54.7,979,766,853,2800
Samsung Galaxy S9+,Samsung,6,2018,9,6.21,hg,1373,3713,5555,4240,90.3,6299,10395,54.6,753,1221,1219,2800
Sony Xperia XZ3,Sony,4,2018,10,6.21,hg,1362,3648,5606,4243,90.3,6422,10377,54.7,754,1193,1265,2400
Sharp Aquos R2,Sharp,4,2018,10,6.21,hg,1225,3180,5670,4273,90.3,6566,10217,54.7,786,1156,1164,2900
Sony Xperia XZ2 Premium,Sony,6,2018,10,6.21,hg,1357,3627,5648,4260,90.3,6419,10303,54.7,761,1223,1275,2400
Sony Xperia XZ2 Compact,Sony,4,2018,10,6.21,hg,1361,3624,5613,4262,90.3,6396,10336,54.7,745,1213,1253,2400
Samsung Galaxy S9,Samsung,4,2018,9,6.21,hg,1382,3761,5510,4209,90.3,6296,10345,54.6,748,1154,1234,2500
Sharp Aquos Zero,Sharp,6,2019,9,6.21,hg,1224,3226,5649,4243,90.3,6286,9962,54.6,774,1203,1180,3000
LG Velvet,LG,6,2020,10,6.21,hg,1538,4342,3822,3311,89.7,6701,10911,54.7,640,1258,1384,2800
LG V35 ThinQ,LG,6,2018,10,6.21,hg,1416,4362,3824,3318,89.7,6788,10826,54.7,641,1234,1484,2800
LG Velvet 5G,LG,6,2020,10,11.2,nn,2469,4019,5555,5472,97.7,3195,5501,84.2,1059,561,811,2800
Motorola Edge,Motorola,6,2020,11,6.21,hg,2175,4783,6959,5486,90.3,3971,6647,54.7,909,665,934,2400
Realme X2,Realme,8,2019,10,6.21,hg,2488,5473,5612,4385,90.3,4183,6565,54.7,720,643,1299,3000
Lume Pad,Lume,8,2020,10,6.21,hg,1530,3753,3806,3165,89.7,6808,10628,54.7,654,1259,1315,3000
Realme 6 Pro,Realme,8,2020,10,6.21,hg,2595,5508,4717,4154,90.3,4245,6810,54.7,555,613,1348,3000
Realme 7 Pro,Realme,8,2020,10,6.21,hg,2591,5457,4727,4146,90.3,4235,6804,54.7,557,619,1348,3000
Meizu 16th,Meizu,6,2019,8.1,6.21,hg,1359,3826,4101,3553,90.3,5981,10042,54.6,634,1202,1236,2800
Samsung Galaxy Note9,Samsung,6,2018,10,6.21,hg,1487,3642,3764,3120,89.7,6479,10329,54.7,636,1233,1265,2800
Xiaomi Poco X3 NFC,Xiaomi,6,2020,10,6.21,hg,1956,4310,5649,4223,90.3,4314,6955,54.7,671,663,1186,3000
LG G7 ThinQ,LG,4,2018,10,6.21,hg,1345,3650,3788,3129,89.7,6519,10280,54.7,643,1242,1235,2700
Xiaomi Poco X3,Xiaomi,6,2020,10,6.21,hg,1958,4309,5645,4219,90.3,4304,6939,54.7,664,661,1190,3000
LG V40 ThinQ,LG,6,2018,10,6.21,hg,1304,3494,3768,3102,89.7,6476,10204,54.7,635,1265,1174,2800
Huawei MatePad 10.4,Huawei,4,2020,10,6.21,nn,2554,5109,4716,839,85.2,10235,3967,82.7,267,1057,399,1800
Huawei P40 Lite,Huawei,6,2020,10,6.21,nn,2538,5103,4650,829,85.2,10020,3888,82.7,264,1150,376,1800
Honor 20S,Honor,6,2019,10,6.21,nn,2573,5095,4599,824,85.2,9878,3896,82.7,267,1144,371,1800
Realme 8 Pro,Realme,8,2021,11,6.21,hg,2205,4783,4553,3844,90.3,4159,6760,54.7,518,647,1129,3000
Honor 9X,Honor,4,2019,10,6.21,nn,2581,5137,4605,824,85.2,9789,3918,82.7,259,1040,374,1800
Xiaomi Mi Note 10 Pro,Xiaomi,8,2019,11,6.21,hg,1922,4135,5328,3905,90.3,3960,6421,54.7,623,649,820,3000
Google Pixel 4a 5G,Google,6,2020,11,6.21,nn,2450,5115,6973,5733,91.2,3010,5968,61.2,1080,653,226,1000
Xiaomi Redmi Note 9 Pro,Xiaomi,6,2020,10,6.21,hg,2091,4494,4671,3901,90.3,4146,6611,54.7,535,621,1015,2800
Xiaomi Redmi Note 9S,Xiaomi,6,2020,10,6.21,hg,2095,4536,4676,3901,90.3,4137,6619,54.7,541,616,1020,2800
Samsung Galaxy A80,Samsung,8,2019,11,6.21,hg,1943,4245,5343,3869,90.3,3931,6371,54.7,648,674,811,3000
Xiaomi Redmi K30 5G,Xiaomi,6,2019,11,6.21,nn,2069,4297,7275,6588,94.1,2869,5869,61.2,1061,548,207,1000
Samsung Galaxy A71,Samsung,8,2019,11,6.21,hg,1902,4152,5339,3896,90.3,3944,6411,54.7,628,661,833,3000
Xiaomi Mi Note 10,Xiaomi,6,2019,11,6.21,hg,1876,4109,5297,3860,90.3,3978,6384,54.7,613,652,831,3000
Samsung Galaxy M51,Samsung,6,2020,11,6.21,hg,1893,4140,5337,3883,90.3,3920,6400,54.7,628,656,832,3000
Xiaomi Redmi Note 9 Pro Max,Xiaomi,6,2020,10,6.21,hg,2110,4403,4663,3906,90.3,4098,6566,54.7,539,619,944,2800
Google Pixel 5,Google,8,2020,11,6.21,nn,2411,4808,6902,5772,91.2,2942,5955,61.2,1112,599,256,1000
Oppo Find X2 Neo,Oppo,12,2020,11,6.21,nn,1896,4328,6946,6734,94.1,2795,5832,61.2,1079,574,178,1000
Xiaomi Mi 9T,Xiaomi,6,2019,10,6.21,hg,1883,4147,5593,4081,90.3,3692,5856,54.7,663,589,799,2800
vivo V21 5G,vivo,8,2021,11,6.21,cn,2813,6195,3001,2518,100,3993,8051,68.2,387,591,339,2000
Oppo Reno5 4G,Oppo,8,2020,11,6.21,ng,1702,3914,4777,4330,94.1,3886,6473,54.7,656,636,771,3000
Oppo Reno4,Oppo,8,2020,11,6.21,hg,2079,4202,4528,3754,90.3,4004,6598,54.7,580,690,824,3000
Xiaomi Redmi K20,Xiaomi,6,2019,10,6.21,hg,1840,4040,5585,4060,90.3,3655,5799,54.7,668,596,792,3000
Samsung Galaxy A71 5G,Samsung,6,2020,11,6.21,nn,1944,4203,7015,5839,91.2,3159,6182,61.2,1068,711,352,1000
OnePlus Nord,OnePlus,8,2020,11,6.21,nn,2123,4424,6763,6494,94.1,2801,5816,61.2,1044,495,157,1000
Samsung Galaxy A52,Samsung,8,2021,11,6.21,hg,1926,4309,4530,3767,90.3,4092,6653,54.7,507,637,1053,2800
vivo V20,vivo,8,2020,11,6.21,hg,1900,4091,5396,3926,90.3,3701,5940,54.7,622,594,808,2800
Samsung Galaxy A72,Samsung,8,2021,11,6.21,hg,1902,4295,4519,3751,90.3,4082,6662,54.7,503,622,1055,2800
vivo V20,vivo,8,2020,11,6.21,hg,1923,4129,4558,3745,90.3,4126,6655,54.7,508,634,995,2800
Xiaomi Poco M2 Pro,Xiaomi,6,2020,10,6.21,hg,1854,4055,4667,3881,90.3,4109,6557,54.7,533,629,868,2800
Sharp Aquos Sense4 Plus,Sharp,8,2020,10,6.21,hg,1920,3999,4608,3868,90.3,4003,6471,54.7,526,637,808,3000
Oppo Reno5 5G,Oppo,8,2020,11,6.21,nn,2094,4366,6555,6378,94.1,2761,5804,61.2,1029,513,161,1000
Xiaomi Mi 11 Lite 5G,Xiaomi,8,2021,11,6.21,cn,3274,6140,413,323,100,5501,13092,61.8,37,671,211,2700
vivo V21 SE,vivo,8,2021,11,6.21,hg,1883,4046,4546,3723,90.3,4124,6648,54.7,506,630,838,2800
Fujitsu Arrows NX9 F-52A,Fujitsu,8,2020,10,6.21,nn,2497,5762,7271,5423,91.2,2927,3420,61.2,795,576,444,1000
Oppo Reno2,Oppo,8,2019,11,6.21,ng,1879,4150,4576,3615,91.2,3879,6342,54.7,515,679,760,3000
Samsung Galaxy Note9,Samsung,8,2018,10,6.21,gg,782,3536,2488,2135,75.8,5679,8740,70,361,995,802,2800
Xiaomi Mi 10 Lite 5G,Xiaomi,6,2020,11,6.21,nn,1886,4161,6555,6583,94.1,2686,5778,61.2,979,473,194,1000
Huawei Mate 10 Pro,Huawei,6,2017,10,6.21,gg,1156,3093,2591,2075,75.8,5746,8284,70,383,1133,857,3000
Oppo Reno4 Pro 5G,Oppo,12,2020,11,6.21,nn,1978,4247,6659,6497,94.1,2640,5427,61.2,843,538,180,1000
Huawei P20 Pro,Huawei,6,2018,10,6.21,gg,1149,3112,2572,2079,75.8,5713,8263,70,384,1136,820,3000
Samsung Galaxy A51 5G,Samsung,8,2020,10,6.21,ee,2499,5111,1552,1938,99.9,2948,7814,86.4,284,742,1848,2400
Samsung Galaxy S9+,Samsung,6,2018,10,6.21,gg,782,3527,2389,2144,75.8,5550,8730,70,360,974,795,2800
Realme XT,Realme,8,2019,10,6.21,hg,1000,3317,5676,4431,90.3,3617,5566,54.7,760,554,1021,3000
Honor View 10,Honor,6,2017,10,6.21,gg,1131,3079,2570,2075,75.8,5765,8202,70,380,1115,850,3000
vivo Z1x,vivo,6,2019,11,6.21,hg,1064,3357,5606,4392,90.3,3682,5650,54.7,736,543,1054,2800
Huawei P20,Huawei,4,2018,10,6.21,gg,1160,3103,2554,2063,75.8,5731,8248,70,383,1129,810,2800
Samsung Galaxy S9,Samsung,4,2018,10,6.21,gg,785,3549,2410,2106,75.8,5526,8599,70,358,972,789,2800
vivo Z1Pro,vivo,4,2019,11,6.21,hg,1063,3351,5632,4403,90.3,3764,5669,54.7,742,549,1045,2500
Honor 10,Honor,4,2018,10,6.21,gg,1145,3101,2504,2052,75.8,5616,8159,70,386,1138,841,2800
Realme 5 Pro,Realme,8,2019,10,6.21,hg,1003,3318,5694,4421,90.3,3681,5599,54.7,763,557,1020,1500
Xiaomi Mi 10i 5G,Xiaomi,8,2021,11,6.21,nn,2289,4542,6311,5179,94.1,2862,5617,61.2,780,471,195,1000
LG Velvet 5G,LG,6,2020,11,6.21,nn,1845,3829,6299,6292,94.1,2644,5728,61.2,1007,442,175,1000
Xiaomi Mi 10T Lite 5G,Xiaomi,6,2020,11,6.21,nn,2220,4272,6151,5228,94.1,2871,5675,61.2,850,480,205,1000
vivo V17,vivo,8,2019,10,6.21,hg,1866,4071,6281,4904,90.3,2021,3505,54.7,685,351,576,2800
ZTE nubia Red Magic,ZTE,8,2018,8.1,6.21,hg,1091,3078,3167,2593,89.7,5536,8564,54.6,487,1017,777,2800
Meizu Note 9,Meizu,4,2019,9,6.21,hg,1831,4054,6281,4892,90.3,1966,3452,54.7,701,359,578,2800
Realme 3 Pro,Realme,6,2019,10,6.21,hg,974,3236,5670,4408,90.3,3246,4969,54.7,762,487,935,2800
Google Pixel 3,Google,4,2018,11,6.21,nn,1317,3740,3414,2786,90.8,4962,10258,61.3,605,1188,245,1000
Google Pixel 3 XL,Google,4,2018,11,6.21,nn,1333,3787,3400,2774,90.8,4965,10222,61.3,602,1146,237,1000
vivo V17 Pro,vivo,8,2019,11,6.21,hg,1895,4041,5985,4648,90.3,2000,3508,54.7,639,344,597,2800
Xiaomi Redmi Note 7 Pro,Xiaomi,6,2019,11,6.21,hg,2050,3864,6076,4837,90.3,2053,3521,54.7,657,348,446,2800
Realme X,Realme,4,2019,10,6.21,hg,979,3292,5637,4391,90.3,3211,4892,54.7,761,491,921,2700
vivo V15 Pro,vivo,6,2019,11,6.21,hg,1854,3997,6035,4709,90.3,1998,3508,54.7,648,345,586,2800
Xiaomi Redmi Note 9T,Xiaomi,4,2021,11,6.21,cn,2324,5182,3000,2521,100,3981,7915,68.2,403,594,345,1300
Realme Q2,Realme,4,2020,11,6.21,cn,2729,5961,2907,2420,100,3693,7403,68.2,380,536,288,1200
Sharp Aquos V,Sharp,4,2019,9,6.21,hg,1024,2904,3159,2578,89.7,5444,8507,54.6,492,1003,706,2600
Xiaomi Mi Mix 2,Xiaomi,6,2017,9,6.21,hg,1024,2902,3085,2513,89.7,5367,8408,54.7,490,1049,636,2800
OnePlus 5T,OnePlus,8,2017,9,6.21,hg,1041,2869,3077,2467,89.7,5411,8441,54.6,487,1053,637,2800
LG V30,LG,4,2017,9,6.21,hg,998,2788,3157,2579,89.7,5344,8434,54.7,491,1018,661,2700
Xiaomi Mi 6,Xiaomi,6,2017,9,6.21,hg,1022,2825,3036,2464,89.7,5349,8398,54.7,479,1051,657,2800
Samsung Galaxy A52 5G,Samsung,8,2021,11,6.21,nn,2255,4831,4849,4088,91.2,3086,5866,61.2,685,589,381,1000
Nokia X20,Nokia,8,2021,11,6.21,nn,1797,4235,4879,3958,91.2,2424,4629,61.3,673,512,256,2700
Oppo A74 5G,Oppo,6,2021,11,6.21,nn,2185,4586,4696,3866,91.2,2391,4666,61.3,640,499,208,2300
Nokia 8,Nokia,4,2017,9,6.21,hg,1009,2849,3117,2477,89.7,5314,8351,54.6,482,1002,651,2700
Motorola Z2 Force,Motorola,4,2017,8,6.21,hg,1018,2822,3175,2491,89.7,5151,8320,54.7,493,1030,638,2800
Infinix Note 10 Pro,Infinix,8,2021,11,6.21,nn,2566,5478,2686,2268,100,3570,7051,69.2,352,516,356,1500
Realme 8,Realme,6,2021,11,6.21,nn,2562,5516,2705,2280,100,3566,7006,68.2,352,528,374,1500
Xiaomi Redmi Note 10S,Xiaomi,6,2021,11,6.21,nn,2525,5359,2694,2278,100,3591,7032,68.2,355,530,411,1500
Samsung Galaxy Note8,Samsung,6,2017,9,6.21,hg,1004,2777,3028,2444,89.7,5199,8295,54.6,490,1068,622,2800
Samsung Galaxy A42,Samsung,6,2020,11,6.21,nn,2075,4460,4886,4100,91.2,3134,5860,61.2,684,677,363,1000
Xiaomi Mi 9 SE,Xiaomi,6,2019,11,6.21,hg,895,2628,5362,3995,90.3,3436,5374,54.7,737,589,661,2800
Motorola Z3,Motorola,4,2018,8.1,6.21,hg,1012,2877,3163,2328,89.7,5219,8440,54.6,488,1038,683,2400
Xiaomi Mi 8 SE,Xiaomi,6,2018,10,6.21,hg,913,2885,5443,4013,90.3,3200,4903,54.7,736,512,742,2800
HTC U11,HTC,6,2017,9,6.21,hg,1003,2781,3131,2413,89.7,5060,8221,54.7,478,1024,613,2800
Samsung Galaxy S8+,Samsung,4,2017,9,6.21,hg,1019,2800,3076,2477,89.7,5037,8037,54.6,497,1022,616,2700
Realme 7,Realme,8,2020,11,6.21,nn,2495,5432,2654,2197,100,3297,6751,69.7,350,487,383,1700
OnePlus 5,OnePlus,6,2017,9,6.21,hg,1035,2859,3002,2449,89.7,4855,7887,54.6,478,991,604,2700
Xiaomi Mi 9 Lite,Xiaomi,6,2019,11,6.21,hg,902,2670,5404,3998,90.3,3048,4790,54.7,743,503,709,2800
Samsung Galaxy S8,Samsung,4,2017,9,6.21,hg,987,2794,3022,2416,89.7,4982,7970,54.6,483,989,620,2500
ZTE Axon 7,ZTE,4,2016,8,6.21,hg,833,3042,3146,2608,89.7,4393,7357,54.6,493,873,920,2700
TCL 10 Pro,TCL,6,2020,11,6.21,hg,1895,4196,4864,3956,90.3,1859,3254,54.7,557,322,572,3000
Vsmart Live,Vsmart,6,2019,10,6.21,hg,1878,4009,5015,4162,90.3,1843,3230,54.7,591,317,543,2900
Allview Soul X8 Pro,Allview,6,2021,11,6.21,nn,2520,4973,2691,2274,100,3414,6696,69.7,353,496,223,1500
Samsung Galaxy A32,Samsung,4,2021,11,6.21,cn,2420,5267,2962,2485,100,3268,6516,69.2,387,483,343,1200
ZTE Axon M,ZTE,4,2017,7.1,6.21,hg,881,3028,3149,2519,89.7,4298,7535,54.6,500,847,830,2500
Motorola Moto G50,Motorola,4,2021,11,6.21,nn,1944,4348,4783,3783,91.2,2306,4617,61.3,657,476,188,1800
TCL 20 Pro 5G,TCL,6,2021,11,6.21,nn,2115,4166,4759,4040,91.2,2888,5682,61.2,670,513,169,1000
OnePlus Nord CE 5G,OnePlus,12,2021,11,6.21,nn,2231,4230,4773,4017,91.2,2838,5610,61.2,654,478,160,1000
Xiaomi Redmi Note 10 Pro,Xiaomi,8,2021,11,6.21,nn,2151,4329,4636,3651,91.2,2908,5791,61.2,599,536,256,1000
Acer Chromebook Spin 713,Acer,16,2021,11,6.21,cc,1376,7285,1015,834,100,1802,3786,100,134,484,2708,2400
Motorola Moto G60,Motorola,6,2021,11,6.21,nn,1831,3967,4654,3634,91.2,3036,5925,61.2,629,616,319,1000
OnePlus 3,OnePlus,6,2016,9,6.21,hg,817,2802,3075,2471,89.7,4153,7479,54.7,492,889,754,2800
HTC U12+,HTC,6,2018,9,6.21,hg,1242,3554,404,413,98.8,5755,9646,54.7,63,1220,1173,2800
Samsung Galaxy A70,Samsung,6,2019,11,6.21,hg,1848,4024,4858,4032,90.3,1843,3241,54.7,563,318,561,2500
HTC 10,HTC,4,2016,8,6.21,hg,779,2790,3081,2471,89.7,4143,7150,54.6,502,947,738,2800
Samsung Galaxy A70s,Samsung,6,2019,11,6.21,hg,1866,4012,4860,3971,90.3,1848,3237,54.7,563,317,547,2500
Motorola Moto G40 Fusion,Motorola,4,2021,11,6.21,nn,1671,3665,4623,3632,91.2,3009,5827,61.2,677,647,398,1000
Samsung Galaxy Tab S5e,Samsung,4,2019,11,6.21,hg,798,2511,5333,3885,90.3,2780,4266,54.7,769,453,605,2700
LG G6,LG,4,2017,9,6.21,hg,790,2671,3066,2476,89.7,4232,7278,54.7,505,905,779,2500
Oppo Reno,Oppo,6,2019,10,6.21,ng,835,2745,4610,3184,91.2,3127,4861,54.7,577,523,701,3000
Google Pixel 4a,Google,6,2020,11,6.21,nn,2098,3902,4625,3615,91.2,2713,5303,61.2,633,571,209,1000
Xiaomi Mi 11 Lite,Xiaomi,6,2021,11,6.21,nn,1895,3980,4526,3593,91.2,2866,5720,61.2,614,457,186,1000
Sony Xperia XZs,Sony,4,2017,8,6.21,hg,778,2755,3127,2463,89.7,4083,7174,54.6,487,871,781,2500
Motorola One Fusion,Motorola,4,2020,10,6.21,ng,905,2870,4730,3100,91.2,3118,4861,54.7,573,541,775,2400
Lenovo Z5s,Lenovo,6,2018,9,6.21,hg,826,2622,5645,4048,90.3,3066,4749,47.7,723,533,102,2800
Xiaomi Mi 5s,Xiaomi,3,2016,8,6.21,hg,765,2762,3095,2475,89.7,4222,7122,54.6,489,909,858,2100
Ulefone Armor 7,Ulefone,8,2019,10,6.21,nn,1725,3574,7497,1659,99,3726,2120,84,684,330,326,1000
Samsung Galaxy S7,Samsung,4,2016,8,6.21,hg,701,2757,3059,2203,89.7,3988,7009,54.6,470,894,745,2800
RED Hydrogen One,RED,6,2018,8.1,6.21,hg,894,2499,3085,2405,89.7,4086,6732,54.6,491,850,577,2800
Lenovo Z6 Youth,Lenovo,6,2019,9,6.21,hg,825,2613,5576,4067,90.3,3042,4781,47.9,738,522,103,2800
Xiaomi Mi Note 10 Lite,Xiaomi,6,2020,11,6.21,nn,1873,3956,4521,3571,91.2,2647,5305,61.2,622,449,175,1000
Xiaomi Poco X2,Xiaomi,8,2020,11,6.21,nn,1860,3923,4536,3584,91.2,2619,5289,61.2,627,478,180,1000
Coolpad Cool S1,Coolpad,6,2016,7.1,6.21,hg,809,2860,3063,2483,89.7,3731,6588,54.6,514,760,717,2500
Oppo RX17 Pro,Oppo,6,2018,10,6.21,ng,839,2585,4402,2979,91.2,3071,4788,54.7,549,535,614,3000
Sony Xperia XZ,Sony,3,2016,8,6.21,hg,683,2517,3096,2496,89.7,3950,6906,54.6,495,879,757,2300
Xiaomi Mi 5,Xiaomi,4,2016,8,6.21,hg,745,2760,3086,2421,89.7,3569,6288,54.6,480,761,711,2800
Sony Xperia X Performance,Sony,3,2016,8,6.21,hg,731,2596,3065,2369,89.7,4074,6947,54.6,487,878,772,2100
Sony Xperia 10 III,Sony,6,2021,11,6.21,nn,2249,4376,4088,3513,91.2,2232,4450,61.2,583,427,230,1000
Motorola G 5G,Motorola,4,2020,10,6.21,nn,2003,3823,4768,3546,91.2,2827,2957,61.2,549,596,379,1000
Oppo Find X2 Lite,Oppo,8,2020,10,6.21,nn,1813,3835,5671,4147,91.2,2452,2645,53.2,601,387,0,1000
Motorola One 5G Ace,Motorola,6,2021,10,6.21,nn,1980,3799,4831,3656,91.2,2869,2911,61.2,570,534,305,1000
ZTE Libero 5G,ZTE,4,2021,11,6.21,nn,1908,3845,4119,3525,91.2,2216,4491,61.2,580,414,160,1000
Motorola Razr,Motorola,6,2019,10,6.21,ng,906,2875,3232,2311,90.8,3133,4876,54.7,469,538,766,2800
Xiaomi Redmi Note 10,Xiaomi,6,2021,11,6.21,nn,1844,4171,5018,4209,91.2,1338,2497,61.2,617,267,282,1000
Samsung Galaxy S8+,Samsung,4,2017,9,6.21,cg,882,2707,375,442,98.8,4267,7487,70,42,1056,533,2800
OnePlus Nord N10,OnePlus,6,2020,10,6.21,nn,2147,4302,4125,3171,91.2,2307,2685,61.2,489,476,383,1000
Motorola G9 Plus,Motorola,4,2020,10,6.21,nn,1856,3875,4787,3029,91.2,2626,2860,53.2,550,586,0,1000
Sony Xperia XZ1 Compact,Sony,4,2017,9,6.21,cg,1007,2813,470,437,98.8,5113,8078,54.6,68,1024,651,2400
Samsung Galaxy S8,Samsung,4,2017,9,6.21,cg,859,2520,394,446,98.8,4095,7413,70,46,901,523,2800
Samsung Galaxy Note8,Samsung,6,2017,9,6.21,cg,857,2479,351,404,98.8,4196,7365,70,37,956,527,2800
Sony Xperia XZ1,Sony,4,2017,9,6.21,cg,1003,2818,455,433,98.8,5029,7991,54.6,67,1031,647,2400
LG K92 5G,LG,6,2020,10,6.21,nn,1940,3934,4230,2864,91.2,2281,2603,61.2,480,503,370,1000
Motorola One Fusion+,Motorola,6,2020,10,6.21,nn,1829,3855,4694,2978,91.2,2360,2494,53.2,545,420,0,1000
Google Pixel 3a,Google,4,2019,11,6.21,nn,881,2804,4735,3704,91.2,1895,3671,61.2,737,424,218,1000
Google Pixel 3a XL,Google,4,2019,11,6.21,nn,877,2782,4727,3701,91.2,1906,3674,61.2,740,419,209,1000
Doogee S95 Pro,Doogee,8,2020,9,6.21,nn,1700,3699,4548,2584,99,2782,2726,94,475,352,217,500
Realme 5,Realme,4,2019,10,6.21,hg,960,2829,3577,3239,90.3,1648,2676,54.7,463,257,549,2600
Blackview BV9900 Pro,Blackview,8,2020,9,6.21,nn,1660,3719,4396,2471,99,2722,2607,94,472,345,213,500
Realme 5i,Realme,4,2020,10,6.21,hg,970,2833,3589,3241,90.3,1657,2692,54.7,461,258,554,2400
Xiaomi Poco M3,Xiaomi,4,2020,10,6.21,hg,886,2601,3612,2962,90.3,1598,2607,54.7,448,254,448,2600
Xiaomi Redmi 9T,Xiaomi,6,2021,10,6.21,hg,875,2582,3582,2943,90.3,1597,2614,54.7,443,254,446,2600
TCL 10L,TCL,6,2020,11,6.21,hg,930,2599,3512,2937,90.3,1584,2605,54.7,429,243,462,2600
TCL 10 Plus,TCL,6,2020,11,6.21,hg,942,2629,3494,2931,90.3,1598,2595,54.7,435,250,473,2500
HTC Desire 20 Pro,HTC,6,2020,10,6.21,hg,867,2552,3553,2951,90.3,1599,2611,54.7,454,260,450,2600
Vsmart Joy 4,Vsmart,4,2020,10,6.21,hg,877,2550,3566,2925,90.3,1585,2574,54.7,445,256,443,2600
Xiaomi Mi A3,Xiaomi,4,2019,11,6.21,hg,881,2576,3497,2924,90.3,1614,2613,54.7,441,267,449,2600
vivo Y50,vivo,8,2020,11,6.21,hg,902,2573,3487,2909,90.3,1579,2603,54.7,447,259,446,2600
vivo S1 Pro,vivo,8,2019,11,6.21,hg,900,2573,3504,2926,90.3,1579,2589,54.7,438,260,444,2600
Xiaomi Mi CC9e,Xiaomi,4,2019,10,6.21,hg,883,2602,3471,2960,90.3,1570,2594,54.7,444,261,471,2500
Realme 8 5G,Realme,8,2021,11,6.21,cc,2598,5827,1640,1412,96.8,1172,1974,100,175,240,1634,500
Xiaomi Redmi Note 8T,Xiaomi,4,2019,10,6.21,hg,875,2551,3540,2954,90.3,1581,2576,54.7,443,251,447,2500
Oppo F17,Oppo,6,2020,10,6.21,hg,872,2534,3588,2923,90.3,1549,2532,54.7,446,249,438,2600
vivo V20 SE,vivo,8,2020,11,6.21,hg,896,2554,3485,2894,90.3,1585,2586,54.7,434,249,446,2600
Samsung Galaxy Tab A7,Samsung,3,2020,10,6.21,hg,890,2600,3647,3022,90.3,1617,2632,54.7,453,260,462,2000
Sony Xperia 10 II,Sony,4,2020,10,6.21,hg,862,2568,3558,2940,90.3,1587,2597,54.7,443,255,449,2400
Realme 7i,Realme,8,2020,10,6.21,hg,872,2533,3536,2900,90.3,1527,2545,54.7,425,255,430,2600
Realme 6,Realme,8,2020,10,6.21,nn,2529,5393,2473,1205,100,2250,2748,42.2,265,393,54,1400
Xiaomi Redmi Note 8,Xiaomi,4,2019,11,6.21,hg,872,2562,3466,2905,90.3,1597,2607,54.7,434,257,446,2200
Motorola One Zoom,Motorola,4,2019,10,6.21,nn,1772,3733,4313,2880,91.2,1205,1553,53.2,483,244,0,1000
Realme 6i,Realme,6,2020,10,6.21,nn,2522,5381,2464,1206,100,2240,2742,42.2,265,389,55,1300
Oppo A93,Oppo,8,2020,10,6.21,nn,1364,2522,6098,970,99,2801,721,84,616,200,118,1000
UMIDIGI S5 Pro,UMIDIGI,6,2020,10,6.21,nn,2612,5580,2422,1182,100,1762,2383,42.2,258,375,42,1300
Xiaomi Redmi Note 8 Pro,Xiaomi,6,2019,10,6.21,nn,2543,5512,2408,1165,100,2027,2505,42.2,258,363,41,1300
vivo U10,vivo,3,2019,9,6.21,hg,864,2578,3549,2957,90.3,1595,2569,54.7,449,266,452,1500
LG G5,LG,4,2016,7,6.21,cg,642,2325,430,424,96.8,3658,6779,54.6,42,739,656,2400
Oppo A52,Oppo,4,2020,11,6.21,ng,888,2469,3009,2485,91.2,1529,2524,54.7,404,241,446,2500
Oppo Reno2 Z,Oppo,8,2019,10,6.21,nn,1256,2286,5731,1014,99,2449,773,84,572,250,130,1000
vivo Y20,vivo,4,2020,10,6.21,hg,755,2294,3604,3005,90.3,1144,1857,54.7,463,190,359,2200
Oppo Reno Z,Oppo,8,2019,10,6.21,nn,1245,2288,5470,1034,99,2468,774,84,574,234,134,1000
Oppo Reno4 Lite,Oppo,8,2020,10,6.21,nn,1240,2277,5450,1035,99,2447,802,84,568,232,132,1000
Oppo A9,Oppo,8,2019,10,6.21,ng,863,2538,2798,1954,91.2,1593,2585,54.7,288,268,451,2600
Oppo A53,Oppo,4,2020,10,6.21,hg,760,2252,3577,2929,90.3,1128,1846,54.7,463,193,354,2200
Oppo A53s,Oppo,4,2020,10,6.21,hg,748,2227,3568,2922,90.3,1118,1839,54.7,465,192,354,2200
Oppo A5,Oppo,3,2019,10,6.21,ng,857,2473,2796,1975,91.2,1560,2557,54.7,290,268,445,2300
ZTE nubia Z9 Max,ZTE,3,2015,5,6.21,gg,625,1853,1528,1190,91.9,2951,4987,54.6,246,655,453,1900
Motorola One Vision,Motorola,4,2019,10,6.21,cg,1034,2870,523,342,100,2386,3876,70,59,511,687,2300
Motorola One Action,Motorola,4,2019,10,6.21,cg,1023,2845,514,338,100,2378,3859,70,59,513,679,1400
Samsung Galaxy S7 edge,Samsung,4,2016,8,6.21,cg,630,1872,436,402,96.8,2537,5015,78.4,55,672,389,2500
Xiaomi Redmi Note 10 5G,Xiaomi,8,2021,11,6.21,cc,2041,4064,1415,1350,96.8,917,1837,100,168,214,1539,500
Oppo F11 Pro,Oppo,6,2019,11,6.21,nn,983,2994,1085,831,100,2391,4648,68.2,243,419,324,1200
Samsung Galaxy S7,Samsung,4,2016,8,6.21,cg,632,1870,441,397,96.8,2415,5072,78.4,57,685,384,2500
Meizu X8,Meizu,4,2018,8.1,6.21,cg,803,2540,421,345,98.8,2898,4675,54.6,74,539,586,2800
Meizu 16X,Meizu,6,2018,8.1,6.21,cg,808,2568,411,354,98.8,2874,4598,54.6,78,536,593,2800
Xiaomi Mi Note Pro,Xiaomi,4,2015,5,6.21,gg,519,1398,1602,1194,91.9,2972,5014,54.6,253,617,396,1900
Xiaomi Poco M3 Pro 5G,Xiaomi,6,2021,11,6.21,cc,2015,4093,1403,1345,96.8,923,1865,100,170,214,1561,400
Huawei Y8p,Huawei,4,2020,10,6.21,gg,1066,3010,844,774,75.8,1952,3098,70,108,303,578,2700
Huawei P Smart Z,Huawei,4,2019,10,6.21,gg,1055,2971,847,791,75.8,1929,3184,70,110,303,589,2500
Sony Xperia Z5 Compact,Sony,2,2015,7.1,6.21,gg,573,1687,1426,1240,91.9,2668,5055,54.6,181,457,456,1900
Huawei P30 Lite NE,Huawei,6,2020,10,6.21,gg,1040,2962,859,769,75.8,1899,3088,70,110,304,574,2700
Sony Xperia Z5 Dual,Sony,3,2015,7.1,6.21,gg,492,1634,1419,1228,91.9,2732,4797,54.6,176,447,468,2200
Samsung Galaxy A50,Samsung,6,2019,11,6.21,cg,1031,2600,639,560,96.8,1865,3545,70,99,494,571,1600
Huawei Y9 Prime,Huawei,6,2019,10,6.21,gg,1020,2878,842,786,75.8,1902,3158,70,109,305,572,2600
Oppo A91,Oppo,8,2019,11,6.21,nn,972,2555,1093,830,100,2253,4475,69.7,243,406,166,1400
Huawei P30 Lite,Huawei,4,2019,10,6.21,gg,1045,2957,850,772,75.8,1923,3117,70,110,303,574,2300
Sony Xperia Z5 Premium,Sony,3,2015,7.1,6.21,gg,528,1588,1415,1192,91.9,2653,4883,54.6,181,437,462,2100
Honor 20 Lite,Honor,4,2019,10,6.21,gg,1041,2921,842,760,75.8,1940,3050,70,109,305,567,2600
Honor 10 Lite,Honor,3,2018,10,6.21,gg,1032,2905,850,766,75.8,1923,3074,70,111,305,582,2400
Motorola Moto G30,Motorola,6,2021,11,6.21,nn,893,2461,3291,2651,91.2,913,1735,61.2,434,199,254,1000
HTC One M9,HTC,3,2015,7,6.21,gg,516,1443,1432,1196,91.9,2842,4763,54.6,181,460,454,2000
Motorola G Stylus,Motorola,4,2020,11,6.21,nn,887,2595,3186,2601,91.2,904,1747,61.2,427,204,255,1000
Motorola G8,Motorola,4,2020,11,6.21,nn,894,2591,3168,2589,91.2,908,1730,61.2,432,208,249,1000
Infinix Hot 10s,Infinix,6,2021,11,6.21,cn,1479,3312,950,377,97.7,2089,3716,78.2,69,326,159,1100
Honor 10X Lite,Honor,4,2020,10,6.21,gg,972,2790,840,763,75.8,1928,3063,70,110,306,569,2600
Motorola G Power,Motorola,4,2020,11,6.21,nn,880,2592,3161,2585,91.2,891,1715,61.2,431,202,241,1000
Huawei P smart 2019,Huawei,3,2018,10,6.21,gg,1032,2865,851,746,75.8,1942,2974,70,111,305,576,2300
Motorola G8 Power,Motorola,4,2020,11,6.21,nn,883,2567,3140,2567,91.2,889,1717,61.2,420,198,248,1000
Motorola G9 Play,Motorola,4,2020,10,6.21,nn,990,2877,3448,2418,91.2,938,1293,53.2,385,195,0,1000
vivo Y51a,vivo,8,2021,11,6.21,nn,897,2462,3227,2591,91.2,876,1693,61.2,438,189,139,1000
Oppo A55,Oppo,6,2021,11,6.21,cc,1866,3725,1271,1326,96.8,892,1833,100,171,216,1432,400
LG G Flex2,LG,2,2015,5.1,6.21,gg,475,1415,1420,1138,91.9,2725,4402,54.6,235,615,442,1700
Huawei Y7p,Huawei,4,2020,10,6.21,gg,935,2569,801,755,75.8,1843,3055,70,114,328,485,2600
Oppo F19,Oppo,6,2021,11,6.21,nn,908,2444,3119,2507,91.2,836,1649,61.2,425,192,117,1000
Honor 30i,Honor,4,2020,10,6.21,gg,926,2557,804,752,75.8,1838,3017,70,116,327,488,2600
Realme Narzo 20,Realme,4,2020,11,6.21,cn,1427,3085,988,457,97.7,2028,3529,88.2,84,298,114,1000
Huawei P smart 2021,Huawei,4,2020,10,6.21,gg,876,2482,818,761,75.8,1871,3066,70,115,322,492,2600
Huawei Y7a,Huawei,4,2020,10,6.21,gg,875,2478,798,757,75.8,1822,3067,70,115,320,490,2600
Infinix Zero 8,Infinix,8,2020,10,6.21,nn,1831,3623,2165,870,100,1496,1818,42.2,246,342,18,1300
Honor 9C,Honor,4,2020,10,6.21,gg,879,2442,803,752,75.8,1859,3042,70,115,324,482,2600
Xiaomi Mi 6X,Xiaomi,4,2018,11,6.21,cg,888,2605,601,538,96.8,2029,3443,54.7,100,379,506,2400
Honor 8X,Honor,4,2018,10,6.21,gg,898,2373,787,747,75.8,1815,3049,70,120,338,443,2500
Xiaomi Mi 8 Lite,Xiaomi,4,2018,10,6.21,cg,891,2395,586,494,96.8,2124,3461,54.7,99,394,410,2800
Samsung Galaxy S5,Samsung,2,2014,6,6.21,gg,656,1754,1223,1038,92.2,2543,4422,54.6,234,593,613,800
Samsung Galaxy Note10 Lite,Samsung,8,2020,11,6.21,cc,816,4180,598,546,96.8,1452,2394,100,82,232,1350,500
Xiaomi Mi Pad 4,Xiaomi,4,2018,10,6.21,cg,912,2490,577,487,96.8,2101,3495,54.7,100,415,394,2400
Lenovo K12 Pro,Lenovo,4,2020,10,6.21,nn,930,2518,3199,2067,91.2,869,1188,61.2,353,192,259,1000
Huawei Mate 20 Lite,Huawei,4,2018,10,6.21,gg,897,2369,775,739,75.8,1797,3009,70,120,340,443,2400
Xiaomi Redmi Note 7,Xiaomi,4,2019,10,6.21,cg,862,2317,560,491,96.8,2081,3453,54.7,97,405,396,2800
Motorola G Power,Motorola,4,2021,10,6.21,nn,914,2454,3196,2112,91.2,887,1174,61.2,348,192,253,1000
Nvidia Shield TV,Nvidia,3,2017,9,6.21,cg,896,2324,661,497,98.8,1927,4683,64.9,35,141,44,2100
Motorola G9 Power,Motorola,4,2020,10,6.21,nn,913,2493,3147,2067,91.2,890,1183,61.2,350,196,251,1000
Nokia 7 plus,Nokia,4,2018,10,6.21,cg,910,2410,571,499,96.8,2148,3472,54.7,99,391,396,2200
Xiaomi Mi A2,Xiaomi,4,2018,10,6.21,cg,873,2298,548,481,96.8,2112,3472,54.7,96,410,403,2400
Samsung Galaxy A9 (2018),Samsung,6,2018,10,6.21,cg,863,2318,556,483,96.8,2072,3427,54.7,96,401,386,2600
BlackBerry KEY2,BlackBerry,6,2018,8.1,6.21,cg,921,2271,459,334,98.8,2123,3486,54.6,77,382,406,2800
Ulefone Note 11P,Ulefone,8,2021,11,6.21,nn,865,2435,1098,832,100,1910,3667,69.7,170,327,181,1200
Motorola E7 Plus,Motorola,4,2020,10,6.21,nn,818,2426,3426,2375,91.2,665,962,53.2,389,155,0,1000
Asus Chromebook Flip CX5,Asus,8,2021,9,6.21,cc,1125,5006,500,405,98.8,828,1551,100,36,51,1715,500
Fujitsu Arrows Be4 Plus,Fujitsu,4,2021,11,6.21,nn,754,2085,3124,2521,91.2,629,1232,61.2,489,172,126,1000
Doogee S96 Pro,Doogee,8,2020,10,6.21,nn,1776,3688,2093,863,100,1383,1679,42.2,190,302,21,1000
Motorola G8 Plus,Motorola,4,2019,10,6.21,nn,919,2603,3035,1938,91.2,794,1046,61.1,308,170,5,1000
Motorola Moto Z,Motorola,4,2016,8,6.21,hg,645,2488,2342,2540,89.7,742,1569,84.9,147,53,53,700
OnePlus Nord N100,OnePlus,4,2020,10,6.21,nn,748,2161,3197,2010,91.2,636,894,53.2,349,153,0,1000
Asus Zenfone Max Pro (M2),Asus,6,2018,9,6.21,cg,816,2156,347,347,98.8,1897,3093,54.6,50,354,367,2800
Asus Zenfone 5,Asus,4,2018,9,6.21,cg,984,2607,380,372,98.8,1559,2560,54.6,54,247,390,2500
Xiaomi Redmi 10X 4G,Xiaomi,4,2020,10,6.21,cc,1500,3342,1081,815,96.8,844,1381,100,128,180,1136,300
Acer Chromebook Spin 513,Acer,4,2021,9,6.21,cc,2258,3596,642,597,98.8,514,1165,100,60,32,625,500
Motorola X Style,Motorola,3,2015,7,6.21,gg,631,1683,801,722,91.9,1663,2984,54.6,104,246,354,2400
Xiaomi Mi Max 3,Xiaomi,6,2018,10,6.21,cg,792,2150,484,438,96.8,1530,2504,54.7,87,275,330,2500
Motorola G7 Plus,Motorola,4,2019,10,6.21,cg,813,2076,496,438,96.8,1520,2495,54.7,85,271,323,2400
Motorola Z3 Play,Motorola,4,2018,9,6.21,cg,825,2289,364,337,98.8,1530,2495,54.7,50,260,332,2400
Huawei Y9a,Huawei,6,2020,10,6.21,cc,1302,2874,937,733,96.8,733,1271,100,124,169,963,400
HTC U12 life,HTC,4,2018,8.1,6.21,cg,772,2053,420,335,98.8,1515,2487,54.6,71,263,326,2400
Xiaomi Redmi Note 5 Pro,Xiaomi,4,2018,9,6.21,cg,785,2082,341,321,98.8,1512,2462,54.6,49,268,323,2500
Asus Zenfone Max Pro (M1),Asus,4,2018,9,6.21,cg,776,2065,344,324,98.8,1516,2464,54.6,48,268,327,2500
Xiaomi Redmi Note 6 Pro,Xiaomi,4,2018,9,6.21,cg,783,2061,341,329,98.8,1508,2452,54.6,45,266,324,2500
LG V10,LG,4,2015,7,6.21,gg,436,1412,785,702,91.9,1472,2949,54.6,82,218,358,2400
Kyocera Android One S8,Kyocera,4,2020,11,6.21,cn,1454,2811,964,371,97.7,1984,3272,89.7,70,301,0,100
UMIDIGI F2,UMIDIGI,6,2019,10,6.21,nn,1021,2930,1121,570,100,1432,1597,42.2,201,310,30,1200
vivo V15,vivo,6,2019,10,6.21,nn,1021,2906,1115,552,100,1390,1580,42.2,212,299,29,1300
LG G4,LG,3,2015,7,6.21,gg,435,1382,764,684,91.9,1423,2828,54.6,78,201,363,2200
ZTE Axon 11 4G,ZTE,6,2020,10,6.21,nn,946,2902,1127,566,100,1339,1593,42.2,195,288,32,1200
Doogee S86,Doogee,6,2021,10,6.21,nn,984,2816,1101,540,100,1319,1478,42.2,213,285,27,1300
Xiaomi Redmi Note 9,Xiaomi,4,2020,10,6.21,cn,1535,3349,670,384,86.1,1227,1688,42.2,60,244,38,1000
Xiaomi Redmi 9,Xiaomi,4,2020,10,6.21,cn,1528,3358,655,379,86.1,1193,1668,42.2,57,237,37,1000
Samsung Galaxy M31,Samsung,6,2020,11,6.21,cc,1025,2729,719,557,96.8,733,1169,100,95,148,1022,400
Alldocube iPlay 40,Alldocube,8,2020,10,6.21,cc,1631,3666,722,707,100,297,490,90,164,88,324,500
Essential Phone,Essential,4,2017,10,6.21,cc,972,2853,717,606,96.8,770,1339,100,105,172,1000,300
Google Pixel 2,Google,4,2017,11,6.21,cc,906,2788,672,550,96.8,727,1304,100,92,163,917,400
Xiaomi Poco M2,Xiaomi,6,2020,10,6.21,cn,1462,3221,624,363,86.1,1183,1660,42.2,53,237,36,1300
vivo V11i,vivo,4,2018,10,6.21,nn,984,2848,1124,559,100,1320,1479,42.2,217,280,31,1000
Realme Narzo 30A,Realme,4,2021,10,6.21,cn,1547,3328,660,330,86.1,1499,1564,32.2,56,258,41,1100
Realme 3,Realme,4,2019,10,6.21,nn,950,2764,1164,587,100,1462,1563,42.2,201,241,47,1000
Gigaset GS4,Gigaset,4,2021,10,6.21,nn,1025,2964,1077,542,100,1334,1455,42.2,190,276,22,900
Samsung Galaxy M31s,Samsung,6,2020,11,6.21,cc,1020,2719,711,564,96.8,729,1165,100,94,150,1026,400
Infinix Note 8,Infinix,6,2020,10,6.21,cn,1483,3181,609,352,86.1,1155,1643,42.2,58,259,45,1200
Samsung Galaxy A51,Samsung,6,2019,11,6.21,cc,1006,2705,697,547,96.8,712,1128,100,90,145,1010,400
Google Pixel 2 XL,Google,4,2017,11,6.21,cc,861,2733,629,543,96.8,741,1293,100,90,153,918,400
Ulefone Armor 8,Ulefone,4,2020,10,6.21,nn,985,2857,1107,549,100,1324,1480,42.2,220,271,24,800
Samsung Galaxy M21,Samsung,4,2020,11,6.21,cc,1021,2725,721,559,96.8,741,1169,100,97,154,1022,300
Samsung Galaxy M30s,Samsung,4,2019,11,6.21,cc,1014,2713,725,560,96.8,732,1159,100,97,151,1015,300
Meizu Note 8,Meizu,4,2018,8.1,6.21,cc,825,2187,588,460,100,814,1475,100,83,154,908,500
Asus Zenfone 4,Asus,4,2017,8,6.21,cg,571,1506,386,343,96.8,1343,2292,54.6,69,286,246,2500
Umidigi Power 3,Umidigi,4,2020,10,6.21,nn,982,2830,1122,551,100,1358,1540,42.2,215,298,31,700
Realme 3i,Realme,3,2019,10,6.21,nn,926,2718,1164,579,100,1410,1533,42.2,220,243,56,800
ZTE Axon 20 4G,ZTE,6,2020,10,6.21,cc,1366,3535,743,712,100,273,465,90,169,82,323,500
Honor 8C,Honor,4,2018,8.1,6.21,cc,755,2282,524,451,100,874,1511,100,81,158,916,400
Google Pixel,Google,4,2016,10,6.21,cc,777,2746,511,495,96.8,756,1406,100,37,88,1166,300
Google Pixel XL,Google,4,2016,10,6.21,cc,788,2665,492,533,96.8,748,1513,100,36,90,1117,300
BLU G9 Pro,BLU,4,2019,10,6.21,nn,970,2795,1103,546,100,1297,1449,42.2,217,270,26,700
Huawei P9,Huawei,3,2016,7,6.21,cc,959,2133,685,552,100,854,1486,100,89,178,766,300
Motorola G6 Plus,Motorola,4,2018,9,6.21,cg,559,1482,331,298,98.8,1338,2241,54.6,38,282,246,2400
Sony Xperia Ace,Sony,4,2019,9,6.21,cg,560,1494,289,290,98.8,1341,2254,54.6,38,281,243,2400
Infinix Note 7,Infinix,4,2020,10,6.21,cn,1424,3133,602,351,86.1,1019,1381,42.2,58,234,20,900
Motorola Moto X4,Motorola,3,2017,9,6.21,cg,570,1459,320,298,98.8,1305,2218,54.6,38,278,240,2300
Sony Xperia XA2 Ultra,Sony,4,2018,9,6.21,cg,546,1457,275,271,98.8,1317,2224,54.6,34,281,243,2400
Sony Xperia XA2 Plus,Sony,4,2018,9,6.21,cg,550,1459,269,271,98.8,1295,2206,54.6,33,282,243,2400
Honor 8,Honor,4,2016,7,6.21,cc,881,2011,624,577,100,850,1442,100,89,185,726,300
Sony Xperia XA2,Sony,3,2018,9,6.21,cg,543,1436,272,257,98.8,1294,2210,54.6,34,266,240,2400
Teclast M40SE,Teclast,4,2021,10,6.21,cc,1473,3334,658,419,100,269,443,90,54,77,299,500
Huawei Mate 8,Huawei,3,2015,8,6.21,cc,868,1868,635,561,100,838,1466,100,90,205,689,300
Doogee S88 Pro,Doogee,6,2020,10,6.21,nn,844,1963,1082,497,100,1283,1297,42.2,169,263,20,1300
Realme 6i,Realme,4,2020,10,6.21,cc,1508,3301,645,369,86.1,295,486,90,55,81,289,500
Oppo F9,Oppo,4,2018,10,6.21,nn,885,2171,1091,496,100,1248,1255,42.2,101,251,17,1000
Umidigi A9 Pro,Umidigi,6,2020,10,6.21,nn,835,1920,1080,491,100,1177,1214,42.2,140,256,20,1300
Oppo F7,Oppo,4,2018,10,6.21,nn,853,2013,1094,501,100,1212,1271,42.2,137,251,18,1000
Motorola One Macro,Motorola,4,2019,10,6.21,nn,806,2000,1112,496,100,1279,1260,42.2,200,269,20,900
Tecno Pova,Tecno,6,2020,10,6.21,cn,1320,2660,480,283,86.1,1160,1111,42.2,47,254,15,1200
Realme C3,Realme,3,2020,10,6.21,cc,1495,3283,644,368,86.1,296,490,90,54,81,292,400
Lenovo IdeaPad Chromebook Duet,Lenovo,4,2020,9,6.21,cc,937,2573,503,427,98.8,453,869,100,47,27,562,500
Xiaomi Mi Max,Xiaomi,3,2016,7,6.21,cc,669,2055,471,409,100,757,1330,100,53,136,831,300
Unihertz Titan,Unihertz,6,2019,10,6.21,nn,843,1901,1063,496,100,1223,1233,42.2,148,245,19,1100
Samsung Galaxy Tab S2 9.7,Samsung,3,2015,7,6.21,cc,785,2136,539,456,100,727,1202,100,63,144,931,200
Sony Xperia X Compact,Sony,3,2016,8,6.21,cc,661,2019,456,400,100,756,1309,100,49,123,845,300
Samsung Galaxy S6 edge+,Samsung,4,2015,7,6.21,cc,734,1909,521,450,100,731,1356,100,56,127,711,400
Alldocube iPlay 20,Alldocube,6,2020,10,6.21,cc,1093,1768,783,605,96.8,502,799,100,99,119,521,500
BQ Aquaris X Pro,BQ,4,2017,8.1,6.21,cc,623,1638,459,355,100,838,1391,100,83,136,528,500
Motorola G7 Power,Motorola,4,2019,10,6.21,cc,822,2325,568,452,96.8,523,856,100,82,118,749,300
BlackBerry Keyone,BlackBerry,4,2017,8.1,6.21,cc,590,1598,435,338,100,821,1332,100,80,135,532,500
Infinix Hot 10,Infinix,4,2020,10,6.21,cn,1303,2520,565,283,86.1,978,1018,42.2,54,223,14,900
Wiko WIM,Wiko,4,2017,7.1,6.21,cc,641,1690,465,357,100,869,1412,100,82,153,550,300
Motorola G7,Motorola,4,2019,10,6.21,cc,817,2277,564,450,96.8,514,853,100,81,114,733,300
Motorola Moto G20,Motorola,4,2021,11,6.21,cc,1451,3301,245,174,100,180,298,90,19,54,304,500
Samsung Galaxy Note5,Samsung,4,2015,7,6.21,cc,700,1911,482,426,100,756,1331,100,53,118,740,200
Umidigi F1,Umidigi,6,2018,9,6.21,nn,683,1402,1042,698,100,969,745,81,206,106,399,500
Samsung Galaxy S6 edge,Samsung,3,2015,7,6.21,cc,724,1899,496,432,100,724,1322,100,55,124,711,200
HTC Nexus 9,HTC,2,2014,7.1,6.21,cc,585,2200,363,340,100,698,1295,100,33,71,900,200
Samsung Galaxy A7,Samsung,4,2018,10,6.21,cc,723,2214,480,425,96.8,538,963,100,72,122,758,300
Google Pixel C,Google,3,2015,10,6.21,cc,848,2175,593,512,96.8,597,1017,100,47,92,747,200
Huawei Nova 2i,Huawei,4,2017,8,6.21,cc,641,1611,475,366,100,822,1386,100,69,144,560,300
Huawei nova 2,Huawei,4,2017,8,6.21,cc,641,1618,478,366,100,817,1372,100,70,139,562,300
Xiaomi Redmi 5 Plus,Xiaomi,4,2018,8.1,6.21,cc,580,1561,415,329,100,776,1303,100,77,131,513,500
Samsung Galaxy S6,Samsung,3,2015,7,6.21,cc,701,1887,494,424,100,680,1291,100,53,116,719,200
Honor 9,Honor,4,2017,9,6.21,cc,908,2075,443,421,98.8,382,871,100,48,29,569,500
Meizu 15 Lite,Meizu,4,2018,7.1,6.21,cc,623,1622,456,350,100,839,1377,100,82,145,523,300
Huawei nova 2 plus,Huawei,4,2017,8,6.21,cc,641,1598,470,362,100,812,1361,100,67,139,562,300
Samsung Galaxy A31,Samsung,4,2020,10,6.21,cn,1315,2463,521,211,86.1,926,975,32.2,35,195,12,900
Huawei Mate 10 Lite,Huawei,4,2017,8,6.21,cc,639,1592,475,361,100,806,1355,100,68,140,549,300
vivo Y95,vivo,4,2018,8.1,6.21,cc,555,1567,397,320,100,758,1258,100,57,134,567,500
vivo Y91,vivo,3,2018,8.1,6.21,cc,572,1526,407,324,100,762,1266,100,71,128,537,500
Sony Xperia Z3 Compact,Sony,2,2014,6,6.21,cc,634,1874,428,412,100,782,1450,100,31,36,612,200
Lenovo P2,Lenovo,4,2016,7,6.21,cc,579,1570,429,321,100,784,1303,100,77,148,513,400
Samsung Galaxy C5 Pro,Samsung,4,2017,8,6.21,cc,593,1599,446,339,100,825,1353,100,75,146,540,300
Xiaomi Redmi 7,Xiaomi,3,2019,10,6.21,cc,781,2327,531,446,96.8,524,881,100,82,119,738,200
Meizu M6s,Meizu,3,2018,7,6.21,cc,623,1705,392,383,100,633,1306,100,52,113,693,300
Huawei P10,Huawei,4,2017,9,6.21,cc,909,2022,427,404,98.8,357,809,100,47,28,560,500
Huawei MediaPad M5,Huawei,4,2018,9,6.21,cc,907,2151,426,407,98.8,365,824,100,47,30,544,400
Xiaomi Redmi Note 4,Xiaomi,3,2017,7,6.21,cc,591,1592,433,332,100,811,1332,100,78,148,487,300
Sony Xperia Z3,Sony,3,2014,6,6.21,cc,633,1887,417,376,100,748,1386,100,30,37,593,200
Xiaomi Mi Max 2,Xiaomi,4,2017,7.1,6.21,cc,592,1585,431,331,100,805,1317,100,80,146,509,300
HTC One M8,HTC,2,2014,6,6.21,cc,699,1735,510,447,100,767,1316,100,32,35,556,200
Meizu MX6,Meizu,4,2016,7.1,6.21,cc,580,1725,397,390,100,639,1182,100,84,163,656,300
Huawei P10 Lite,Huawei,4,2018,8,6.21,cc,588,1497,431,331,100,764,1237,100,67,138,511,400
Asus Zenfone 3 Zoom,Asus,4,2017,8,6.21,cc,578,1580,426,327,100,810,1299,100,73,139,509,300
Meizu Pro 7 Plus,Meizu,6,2017,7,6.21,cc,574,1384,394,359,100,678,1203,100,97,234,432,500
Samsung Galaxy M30,Samsung,6,2019,10,6.21,cc,640,2023,440,364,96.8,478,834,100,69,113,706,400
Huawei nova,Huawei,3,2016,7,6.21,cc,585,1564,426,327,100,785,1277,100,77,142,509,300
Sony Xperia Z2,Sony,3,2014,6,6.21,cc,611,1867,389,368,100,732,1365,100,29,37,597,200
Xiaomi Redmi 6 Pro,Xiaomi,4,2018,8.1,6.21,cc,570,1516,403,312,100,738,1234,100,79,126,510,400
Kyocera Torque G03,Kyocera,3,2017,8.1,6.21,cc,579,1569,422,320,100,774,1288,100,76,130,521,300
Nokia C3,Nokia,2,2020,10,6.21,cc,1091,1759,771,556,96.8,494,746,100,99,121,509,200
Meizu M6 Note,Meizu,3,2017,7.1,6.21,cc,591,1538,436,314,100,789,1281,100,77,141,482,300
Huawei Mate 9,Huawei,4,2016,9,6.21,cc,909,2110,431,410,98.8,330,813,99.9,45,29,467,400
Samsung Galaxy S5,Samsung,2,2014,6,6.21,cc,629,1734,448,413,100,709,1328,100,32,34,582,200
vivo V7,vivo,4,2017,8.1,6.21,cc,529,1435,391,305,100,714,1168,100,68,112,495,500
Samsung Galaxy A40,Samsung,4,2019,11,6.21,cc,642,2013,433,371,96.8,491,866,100,69,117,723,300
Huawei P9 lite,Huawei,3,2016,7,6.21,cc,565,1442,410,328,100,705,1219,100,66,123,499,400
Samsung Galaxy A30,Samsung,4,2019,11,6.21,cc,638,2010,431,375,96.8,497,881,100,72,119,713,300
Lenovo K8 Note,Lenovo,4,2017,8,6.21,cc,573,1600,402,347,100,631,1139,100,77,158,620,300
Sharp Aquos C10,Sharp,4,2018,8,6.21,cc,572,1467,403,338,100,741,1306,100,67,150,460,300
Samsung Galaxy M20,Samsung,4,2019,10,6.21,cc,649,2019,440,351,96.8,483,824,100,71,119,711,300
Huawei P8 Lite (2017),Huawei,4,2017,8,6.21,cc,583,1450,431,327,100,749,1218,100,66,133,498,300
Samsung Galaxy Xcover 4s,Samsung,3,2019,10,6.21,cc,636,2019,429,356,96.8,485,827,100,66,114,697,300
Motorola G8 Play,Motorola,2,2019,10,6.21,cc,751,2155,579,449,97,596,992,100,77,143,738,100
Samsung Galaxy Note 4,Samsung,3,2014,6,6.21,cc,676,1881,431,423,100,678,1413,100,33,34,620,100
Honor 6X,Honor,4,2016,7,6.21,cc,579,1430,421,329,100,720,1216,100,63,122,499,300
Huawei Mate 9 Lite,Huawei,3,2016,7,6.21,cc,570,1437,409,332,100,709,1229,100,67,118,503,300
Wiko View2 Plus,Wiko,4,2018,8.1,6.21,cc,523,1390,380,296,100,686,1113,100,70,116,471,500
Motorola Nexus 6,Motorola,3,2014,7.1,6.21,cc,707,2042,466,368,100,729,1194,100,34,49,805,100
LG G Pro 2,LG,3,2014,7.1,6.21,cc,603,1578,453,367,100,699,1237,100,32,46,537,200
Samsung Galaxy A20e,Samsung,3,2019,10,6.21,cc,603,1981,407,344,96.8,466,794,100,66,110,664,300
Samsung Galaxy A21s,Samsung,4,2020,11,6.21,cc,612,1753,446,353,96.8,555,848,100,79,151,584,300
Samsung Galaxy A30s,Samsung,3,2019,11,6.21,cc,628,1984,428,366,96.8,489,851,100,73,119,713,200
Samsung Galaxy S5 LTE,Samsung,3,2014,6,6.21,cc,646,1714,464,433,100,687,1312,100,32,32,658,100
Xiaomi Redmi 5,Xiaomi,3,2017,8.1,6.21,cc,522,1375,376,293,100,687,1101,100,68,115,465,400
vivo V7+,vivo,4,2017,8.1,6.21,cc,522,1362,383,295,100,682,1101,100,72,108,470,400
Samsung Galaxy Note 3,Samsung,3,2013,5,6.21,cc,639,1668,472,429,100,707,1369,100,32,37,529,100
Samsung Galaxy Note 4,Samsung,3,2014,5.1,6.21,cc,564,1820,414,332,100,717,1199,100,51,121,669,100
Huawei Y7,Huawei,3,2019,8.1,6.21,cc,534,1318,390,297,100,660,1025,100,70,116,457,400
Lenovo K5 Note,Lenovo,4,2018,8.1,6.21,cc,523,1392,383,298,100,695,1113,100,68,111,474,300
Huawei Y7 Prime,Huawei,3,2019,8.1,6.21,cc,534,1321,392,301,100,673,1025,100,67,115,444,400
Samsung Galaxy Tab S2 9.7,Samsung,3,2015,7,6.21,cc,510,1643,380,301,100,662,1043,100,50,108,635,200
Samsung Galaxy A8+,Samsung,4,2018,9,6.21,cc,704,2147,350,312,98.8,297,646,100,25,21,330,500
Honor 5c,Honor,2,2016,7,6.21,cc,565,1415,407,329,100,684,1207,100,65,115,501,200
Realme C21,Realme,4,2021,10,6.21,cc,670,1626,493,371,96.8,467,747,100,77,117,432,400
Samsung Galaxy M10s,Samsung,3,2019,10,6.21,cc,611,1994,408,345,96.8,467,797,100,65,109,656,200
Nvidia Shield K1,Nvidia,2,2015,7,6.21,cc,635,1537,418,397,100,552,1021,100,33,53,611,200
Realme C15,Realme,4,2020,10,6.21,cc,667,1604,490,370,96.8,460,740,100,75,114,425,400
Samsung Galaxy A20,Samsung,3,2019,10,6.21,cc,602,1971,400,343,96.8,461,793,100,64,108,662,200
Sony Xperia Z1 Compact,Sony,2,2014,5.1,6.21,cc,586,1720,356,368,100,677,1307,100,30,32,598,100
Samsung Galaxy A8,Samsung,4,2018,9,6.21,cc,703,2123,327,307,98.8,275,631,100,24,20,329,500
Raspberry Pi 4,Raspberry,4,2019,11,6.21,cc,717,1760,437,388,96.8,345,643,100,35,63,537,400
Oppo A5,Oppo,4,2018,8.1,6.21,cc,490,1284,360,276,100,648,1061,100,56,112,431,400
Samsung Galaxy M12,Samsung,4,2021,11,6.21,cc,609,1723,439,347,96.8,548,827,100,80,141,578,200
Sony Xperia Z1,Sony,2,2013,5.1,6.21,cc,599,1684,388,361,100,690,1279,100,29,33,547,100
Lenovo M10 Plus,Lenovo,4,2020,10,6.21,cc,663,1550,486,368,96.8,448,729,100,74,112,413,400
JiaYu S3,JiaYu,3,2014,8.1,6.21,cc,433,1275,327,278,100,617,1024,100,58,102,435,500
Lenovo Tab M10 HD Gen 2,Lenovo,4,2020,10,6.21,cc,654,1548,477,365,96.8,445,726,100,76,115,423,400
Alcatel 1s,Alcatel,3,2019,9,6.21,cc,1036,1741,315,288,98.8,296,609,100,29,24,307,500
Tecno Camon 15 Pro,Tecno,6,2020,10,6.21,cc,655,1541,473,366,96.8,439,723,100,69,105,412,400
Sony Xperia Z Ultra,Sony,2,2013,5.1,6.21,cc,578,1586,409,348,100,676,1225,100,30,33,537,100
BLU G5,BLU,2,2019,9,6.21,cc,1070,1759,328,293,98.8,304,599,100,30,25,297,400
Infinix S5 Pro,Infinix,6,2020,10,6.21,cc,634,1517,455,367,96.8,421,726,100,70,104,413,400
Realme C12,Realme,3,2020,10,6.21,cc,651,1571,479,366,96.8,442,730,100,71,113,423,300
vivo V9,vivo,4,2018,9,6.21,cc,611,1629,463,419,98.8,355,705,100,44,34,347,400
Motorola G5S Plus,Motorola,4,2017,8.1,6.21,cc,402,1477,321,250,100,647,1045,100,52,100,549,200
Motorola G5 Plus,Motorola,3,2017,8.1,6.21,cc,407,1471,325,247,100,650,1034,100,52,103,541,200
Lava Z6,Lava,6,2021,11,6.21,cc,592,1414,449,358,96.8,414,684,100,69,104,366,500
ZTE Blade A5,ZTE,2,2019,9,6.21,cc,1078,1783,308,299,98.8,297,613,100,30,24,307,300
Xiaomi Redmi 4 Prime,Xiaomi,3,2016,9,6.21,cc,581,1577,476,409,98.8,364,688,100,43,34,378,400
Xiaomi Mi A1,Xiaomi,4,2017,9,6.21,cc,576,1576,448,375,98.8,339,667,100,40,31,333,500
Lenovo Tab M8,Lenovo,4,2019,10,6.21,cc,661,1571,474,363,96.8,404,670,100,71,96,403,300
Lenovo A7000,Lenovo,2,2015,5,6.21,cc,437,1228,326,260,100,594,1043,100,59,124,438,300
Realme C11,Realme,2,2020,10,6.21,cc,659,1598,479,358,96.8,455,718,100,74,114,429,200
Allview X4 Soul Style,Allview,4,2017,7,6.21,cc,500,1131,345,288,100,532,966,100,60,111,396,400
Nokia G20,Nokia,4,2021,11,6.21,cc,599,1421,451,358,96.8,413,684,100,69,103,373,400
Sony Xperia XA1,Sony,3,2017,8,6.21,cc,485,1098,345,309,100,559,1074,100,70,129,369,300
Sony Xperia XA1 Plus,Sony,4,2017,8,6.21,cc,492,1094,332,308,100,555,1070,100,68,124,371,300
Xiaomi Redmi 8,Xiaomi,4,2019,10,6.21,cc,570,1611,406,327,96.8,405,678,100,68,102,424,300
ZTE Blade V10 Vita,ZTE,2,2019,9,6.21,cc,1084,1743,310,288,98.8,289,593,100,28,23,222,300
Samsung Galaxy J7 Prime,Samsung,3,2016,8.1,6.21,cc,320,1173,246,196,100,500,846,100,48,95,466,800
Honor 7X,Honor,4,2017,9,6.21,cc,653,1574,359,317,98.8,320,614,100,36,24,347,400
Sony Xperia XA1 Ultra,Sony,4,2017,8,6.21,cc,483,1095,335,308,100,540,1042,100,64,116,372,300
Huawei P20 lite,Huawei,4,2018,9,6.21,cc,655,1596,338,326,98.8,298,632,100,35,24,319,500
Motorola One,Motorola,4,2018,10,6.21,cc,574,1532,423,320,96.8,396,660,100,72,106,399,300
Huawei MediaPad M3 Lite 10,Huawei,3,2017,7,6.21,cc,420,1212,300,232,100,603,963,100,56,121,410,300
Xiaomi Mi A2 Lite,Xiaomi,4,2018,10,6.21,cc,567,1524,410,321,96.8,395,663,100,74,106,391,300
Cat S41,Cat,3,2017,8,6.21,cc,484,1158,338,309,100,562,1071,100,64,117,414,200
Huawei P smart,Huawei,3,2017,9,6.21,cc,650,1581,375,328,98.8,309,615,100,37,25,349,400
Lenovo K6 Note,Lenovo,4,2016,7,6.21,cc,403,1144,280,226,100,559,963,100,60,121,379,400
Samsung Galaxy J7,Samsung,2,2016,8.1,6.21,cc,326,1224,260,201,100,508,871,100,49,95,479,500
Infinix Hot 10 Play,Infinix,4,2021,10,6.21,cc,621,1313,458,341,96.8,396,630,100,68,102,386,300
Samsung Galaxy Tab A 10.1,Samsung,2,2016,8.1,6.21,cc,326,1200,262,201,100,503,863,100,48,93,471,500
Samsung Galaxy A10e,Samsung,2,2019,10,6.21,cc,478,1718,330,290,97,381,669,100,50,95,591,200
Honor 7C,Honor,3,2018,8,6.21,cc,420,1176,306,232,100,580,939,100,52,104,403,300
Motorola Z Play,Motorola,3,2016,8,6.21,cc,404,1467,322,247,100,653,1038,100,54,109,543,100
Samsung Galaxy A5,Samsung,3,2017,8,6.21,cc,512,1080,385,298,100,498,836,100,67,126,409,300
Samsung Galaxy A21,Samsung,3,2020,10,6.21,cc,630,1291,461,355,96.8,418,676,100,68,102,337,300
Samsung Galaxy A10,Samsung,2,2019,10,6.21,cc,481,1731,330,284,97,387,648,100,48,93,589,200
Huawei Y7 Prime,Huawei,3,2018,8,6.21,cc,414,1165,305,229,100,578,943,100,53,104,398,300
Honor 7A,Honor,3,2018,8,6.21,cc,407,1161,304,225,100,569,938,100,51,101,402,300
LG Stylo 5,LG,3,2019,9,6.21,cc,535,1419,434,370,98.8,334,632,100,40,32,332,400
Xiaomi Redmi 4X,Xiaomi,3,2017,7.1,6.21,cc,396,1138,273,226,100,550,969,100,58,119,386,300
Xiaomi Redmi Y1,Xiaomi,3,2017,7.1,6.21,cc,401,1127,277,226,100,561,961,100,60,124,379,300
Samsung Galaxy A12,Samsung,4,2020,11,6.21,cc,609,1307,449,351,96.8,406,656,100,66,100,324,300
vivo Y17,vivo,4,2019,11,6.21,cc,549,1367,390,316,96.8,373,612,100,60,89,370,400
ZTE Blade V9 Vita,ZTE,2,2018,8.1,6.21,cc,402,1141,284,231,100,559,939,100,55,107,389,300
Asus Zenfone 3 Max,Asus,3,2016,8.1,6.21,cc,387,1108,257,211,100,539,914,100,56,102,380,400
Huawei Y7 Pro,Huawei,3,2018,8,6.21,cc,410,1145,297,224,100,538,938,100,49,98,399,300
Tecno Camon 16S,Tecno,4,2020,10,6.21,cc,565,1349,407,303,96.8,376,586,100,63,94,390,300
ZTE Axon 7 mini,ZTE,3,2016,7.1,6.21,cc,438,1170,310,254,100,526,819,100,46,68,444,300
Amazon Fire HD 10 Plus,Amazon,4,2021,9,6.21,cc,467,1691,347,297,98.8,205,472,100,33,24,356,500
Sony Xperia XA Dual,Sony,2,2016,7,6.21,cc,490,1130,296,271,100,512,960,100,64,119,408,200
Tecno Camon 15,Tecno,4,2020,10,6.21,cc,563,1334,412,303,96.8,390,603,100,61,98,374,300
vivo Y11,vivo,3,2019,11,6.21,cc,546,1514,383,305,96.8,370,625,100,61,91,406,200
Asus Zenfone Max Shot,Asus,4,2019,9,6.21,cc,523,1383,390,343,98.8,300,594,100,36,31,290,500
Realme C2,Realme,2,2019,10,6.21,cc,581,1473,424,324,96.8,388,636,100,63,86,400,200
Motorola G8 Power Lite,Motorola,4,2020,10,6.21,cc,552,1312,400,312,96.8,355,612,100,65,96,335,300
Xiaomi Redmi 7A,Xiaomi,2,2019,10,6.21,cc,556,1490,390,325,96.8,387,657,100,68,95,387,200
Oppo A54,Oppo,4,2021,10,6.21,cc,556,1259,408,312,96.8,385,628,100,70,105,312,300
Infinix Hot S3,Infinix,3,2018,8,6.21,cc,386,1110,272,227,100,537,911,100,53,102,372,300
Oppo A15,Oppo,3,2020,10,6.21,cc,559,1243,415,308,96.8,388,624,100,66,103,316,300
vivo Y71,vivo,3,2018,8.1,6.21,cc,367,1131,258,230,100,466,881,100,24,45,425,400
Honor Play 8A,Honor,3,2019,9,6.21,cc,468,1587,385,328,98.8,321,627,100,32,29,332,300
Sony Xperia XA,Sony,2,2016,7,6.21,cc,514,1093,317,277,100,489,920,100,57,115,374,200
Motorola Z2 Play,Motorola,4,2017,9,6.21,cc,437,1559,410,347,98.8,363,682,100,36,34,342,200
Alcatel 1S,Alcatel,3,2020,10,6.21,cc,529,1348,367,298,96.8,385,620,100,64,94,367,300
Infinix Note 7 Lite,Infinix,4,2020,10,6.21,cc,561,1304,410,316,96.8,378,615,100,63,95,346,300
Asus Zenfone Max (M1),Asus,3,2018,8,6.21,cc,378,1107,262,212,100,533,871,100,53,101,383,300
Meizu M3 Note,Meizu,3,2016,5.1,6.21,cc,430,1170,258,227,100,457,835,100,26,56,414,300
Umidigi A7 Pro,Umidigi,4,2020,10,6.21,cc,540,1292,366,310,96.8,361,610,100,60,89,338,300
Infinix Hot 9 Play,Infinix,4,2020,10,6.21,cc,538,1253,390,293,96.8,362,579,100,62,95,335,300
Asus Zenfone 4 Max,Asus,3,2017,8.1,6.21,cc,366,1060,251,199,100,511,820,100,53,91,344,400
Samsung Galaxy A20s,Samsung,4,2019,10,6.21,cc,534,1373,393,303,96.8,381,626,100,67,103,381,200
Oukitel K10000 Pro,Oukitel,3,2017,7,6.21,cc,424,1014,278,228,100,472,853,100,53,102,341,300
Samsung Galaxy Tab A 8.0,Samsung,2,2019,10,6.21,cc,513,1433,357,316,96.8,358,633,100,30,55,414,200
Amazon Fire HD 10,Amazon,2,2019,9,6.21,cc,483,1545,336,287,98.8,236,499,100,34,26,370,300
Samsung Galaxy A3,Samsung,2,2017,8,6.21,cc,324,1207,260,199,100,503,859,100,44,91,467,200
HTC One,HTC,2,2013,5,6.21,cc,439,1142,269,271,100,506,918,100,25,33,323,200
Samsung Galaxy A2 Core,Samsung,1,2019,8.1,6.21,cc,324,1205,253,200,100,493,857,100,41,81,478,200
Tecno Spark 5 pro,Tecno,4,2020,10,6.21,cc,518,1213,378,274,96.8,361,547,100,60,95,314,300
Lenovo Tab 4 8,Lenovo,2,2017,7.1,6.21,cc,374,1149,268,233,100,471,885,100,28,58,438,200
Samsung Galaxy S4,Samsung,2,2013,5,6.21,cc,437,1222,305,298,100,550,1006,100,28,29,352,100
Oukitel WP2,Oukitel,4,2018,8,6.21,cc,410,997,289,226,100,470,836,100,45,86,324,300
Huawei Y6 Prime,Huawei,3,2018,8,6.21,cc,343,1063,239,229,100,413,866,100,26,50,451,300
Huawei Y6,Huawei,2,2018,8,6.21,cc,377,1134,253,230,100,458,862,100,26,50,442,200
Xiaomi Redmi 3,Xiaomi,2,2016,5.1,6.21,cc,366,1061,251,218,100,491,905,100,47,98,387,200
Xiaomi Redmi 4A,Xiaomi,2,2016,7.1,6.21,cc,353,1139,241,217,100,475,878,100,27,52,436,200
Ulefone Note 9P,Ulefone,4,2020,10,6.21,cc,481,1139,359,281,96.8,347,572,100,63,95,283,300
Xiaomi Redmi Note 2,Xiaomi,3,2015,5,6.21,cc,412,1032,296,238,100,491,746,100,48,78,417,200
Meizu M6T,Meizu,3,2018,7,6.21,cc,409,958,252,228,100,438,813,100,52,94,316,300
Blackview BV4900 Pro,Blackview,4,2020,10,6.21,cc,472,1210,337,260,96.8,323,540,100,59,89,314,300
Samsung Galaxy A01,Samsung,2,2019,11,6.21,cc,401,1518,309,250,97,318,521,100,50,89,417,200
Huawei P8 Lite,Huawei,2,2016,5,6.21,cc,349,1037,260,205,100,504,830,100,42,90,359,200
LG K62,LG,4,2020,10,6.21,cc,471,958,401,304,96.8,373,598,100,66,96,301,300
Ulefone Armor X5 Pro,Ulefone,4,2020,10,6.21,cc,461,1187,334,261,96.8,319,535,100,60,86,306,300
Samsung Galaxy S5 Neo,Samsung,2,2015,6,6.21,cc,316,1116,248,183,100,445,767,100,42,85,460,200
Wiko View,Wiko,3,2017,7.1,6.21,cc,353,1052,255,217,100,439,825,100,27,51,392,200
LG G Pad 8.3,LG,2,2013,5,6.21,cc,435,1125,272,238,100,406,737,100,29,28,332,200
Honor 6,Honor,3,2014,5.1,6.21,cc,421,1064,323,247,100,424,681,100,31,66,344,200
LG K61,LG,4,2020,10,6.21,cc,471,945,385,298,96.8,357,587,100,68,100,283,300
Nokia 3 V,Nokia,2,2020,9,6.21,cc,489,1271,273,271,98.8,232,496,100,26,32,302,400
Oukitel U16 Max,Oukitel,3,2017,7,6.21,cc,346,990,235,200,100,425,721,100,45,77,341,300
Lenovo Vibe Shot,Lenovo,3,2015,5.1,6.21,cc,346,976,231,201,100,402,711,100,36,64,417,300
Samsung Galaxy A5,Samsung,2,2015,7,6.21,cc,301,1075,235,183,100,437,747,100,40,81,446,200
BLU Vivo 5R,BLU,3,2016,7,6.21,cc,331,974,221,202,100,424,742,100,45,58,345,300
Lenovo A5,Lenovo,3,2018,8.1,6.21,cc,366,857,252,229,100,376,752,100,25,41,316,400
Tecno Spark 6 Go,Tecno,3,2020,10,6.21,cc,452,1206,318,290,96.8,327,613,100,31,55,335,200
Samsung Galaxy J7,Samsung,1.5,2015,7.1,6.21,cc,301,1074,231,183,100,450,743,100,40,81,442,200
Xiaomi Redmi 9C,Xiaomi,3,2020,10,6.21,cc,400,1253,328,251,97,317,508,100,52,92,341,200
Samsung Galaxy Tab S 10.5,Samsung,3,2014,6,6.21,cc,429,1037,290,257,100,353,674,100,25,35,376,200
Honor 7S,Honor,2,2018,8.1,6.21,cc,374,904,249,229,100,358,760,100,26,45,333,300
Meizu M2 Note,Meizu,2,2015,5.1,6.21,cc,338,996,199,212,100,445,836,100,24,49,345,200
vivo Y55L,vivo,2,2016,6,6.21,cc,277,1064,209,170,100,450,738,100,39,94,403,200
Xiaomi Redmi 9C NFC,Xiaomi,3,2020,10,6.21,cc,403,1226,325,252,97,313,507,100,52,91,326,200
Huawei Y6 Pro,Huawei,2,2015,5.1,6.21,cc,334,969,228,209,100,444,823,100,24,47,347,200
Honor 9A,Honor,3,2020,10,6.21,cc,400,1323,311,245,97,299,476,100,49,84,367,200
Samsung Galaxy Note 10.1,Samsung,3,2013,5.1,6.21,cc,446,1071,302,269,100,431,789,100,25,32,354,100
Huawei MatePad T8,Huawei,2,2020,10,6.21,cc,400,1311,305,240,97,297,462,100,50,83,361,200
Huawei Y6p,Huawei,3,2020,10,6.21,cc,396,1298,306,242,97,292,470,100,47,80,362,200
Motorola E6 Plus,Motorola,4,2019,9,6.21,cc,450,1029,331,259,100,250,477,100,32,27,245,500
Honor 9S,Honor,2,2020,10,6.21,cc,394,1267,301,228,97,294,435,100,49,84,370,200
Motorola G5,Motorola,2,2017,8.1,6.21,cc,276,1011,220,173,100,431,744,100,33,68,405,200
Xiaomi Mi Pad 2,Xiaomi,2,2015,5.1,6.21,cc,248,877,189,145,100,260,456,100,21,38,393,1500
TP-LINK Neffos X1 Lite,TP-LINK,2,2017,7,6.21,cc,363,890,258,219,100,395,781,100,49,77,316,200
Samsung Galaxy A10s,Samsung,2,2019,10,6.21,cc,393,1292,308,243,97,296,472,100,46,80,349,200
Samsung Galaxy Note 3,Samsung,3,2013,5,6.21,cc,412,1052,268,276,100,396,818,100,25,33,362,100
ZTE A530,ZTE,2,2018,8.1,6.21,cc,368,849,251,225,100,362,731,100,25,41,317,300
Motorola Moto E6s,Motorola,4,2020,9,6.21,cc,438,984,336,253,100,250,481,100,32,27,247,500
Xiaomi Redmi 6,Xiaomi,3,2018,9,6.21,cc,414,1447,270,245,100,250,492,100,24,23,265,200
Samsung Galaxy A6+,Samsung,3,2018,10,6.21,cc,370,1318,292,227,97,286,459,100,49,85,357,200
Motorola G6,Motorola,3,2018,9,6.21,cc,362,1285,337,278,98.8,288,532,100,29,29,275,200
Xiaomi Redmi 3s,Xiaomi,2,2016,10,6.21,cc,417,1199,306,236,96.8,314,520,100,54,84,326,200
Samsung Galaxy J2 Core,Samsung,2,2018,8.1,6.21,cc,258,984,196,172,100,371,704,100,21,33,416,300
vivo Y55s,vivo,2,2017,6,6.21,cc,261,1046,206,176,100,408,721,100,22,42,438,200
LG Stylo 6,LG,3,2020,10,6.21,cc,465,957,370,291,96.8,341,569,100,61,86,274,200
Motorola Moto G5S,Motorola,3,2017,11,6.21,cc,390,1123,286,227,96.8,302,504,100,56,82,300,300
Samsung Galaxy A11,Samsung,2,2020,10,6.21,cc,372,1273,295,226,97,290,451,100,51,88,366,200
Samsung Galaxy M02s,Samsung,3,2021,10,6.21,cc,370,1252,294,228,97,290,464,100,51,88,372,200
Samsung Galaxy A02s,Samsung,3,2020,11,6.21,cc,370,1262,293,227,97,291,461,100,50,87,369,200
YU Ace,YU,2,2018,8.1,6.21,cc,365,837,246,227,100,345,710,100,24,39,320,300
Sony Xperia L2,Sony,3,2018,7.1,6.21,cc,306,1005,225,173,100,408,716,100,25,42,374,200
Samsung Galaxy J5 Prime,Samsung,2,2016,8,6.21,cc,263,1005,180,180,100,400,738,100,19,36,426,200
Tecno Camon 12 Air,Tecno,3,2019,9,6.21,cc,425,1047,285,259,100,228,447,100,30,31,266,400
Sony Xperia L1,Sony,2,2017,7,6.21,cc,308,978,235,165,100,390,714,100,29,43,369,200
Xiaomi Redmi 9i,Xiaomi,4,2020,10,6.21,cc,364,1199,286,223,97,283,455,100,46,84,330,200
Samsung Galaxy J8,Samsung,3,2018,10,6.21,cc,363,1271,282,219,97,276,436,100,50,85,349,200
Huawei Y5 Prime,Huawei,2,2018,8.1,6.21,cc,352,837,225,217,100,349,680,100,25,39,320,300
Sony Xperia L4,Sony,3,2020,9,6.21,cc,452,940,332,249,100,265,496,100,32,26,220,400
Samsung Galaxy Alpha,Samsung,2,2014,5,6.21,cc,400,977,293,260,100,397,700,100,39,74,332,100
LG K51S,LG,3,2020,10,6.21,cc,395,1024,332,258,97,319,490,100,51,89,296,200
Xiaomi Redmi 9A,Xiaomi,2,2020,10,6.21,cc,359,1180,292,223,97,287,459,100,47,83,319,200
Samsung Galaxy J7,Samsung,3,2017,9,6.21,cc,324,1202,307,250,98.8,234,456,100,18,26,282,300
Xiaomi Redmi 9AT,Xiaomi,2,2020,10,6.21,cc,356,1168,291,220,97,284,454,100,47,84,320,200
Honor 6C Pro,Honor,3,2017,7,6.21,cc,320,933,201,174,100,422,689,100,26,49,336,200
LG K10,LG,2,2016,7,6.21,cc,265,941,214,172,100,387,675,100,32,72,376,200
Oukitel C16 Pro,Oukitel,3,2019,9,6.21,cc,431,1017,269,249,100,225,447,100,30,31,260,400
Oppo A33,Oppo,2,2015,5.1,6.21,cc,303,961,208,179,100,383,655,100,23,42,365,200
Motorola Moto G5,Motorola,2,2017,10,6.21,cc,393,1093,280,217,96.8,307,485,100,54,80,305,200
Motorola E5 Plus,Motorola,3,2018,8,6.21,cc,265,1045,205,166,100,431,740,100,31,66,426,100
Huawei Y6 Prime,Huawei,2,2019,9,6.21,cc,352,1173,239,218,98.8,245,459,100,25,33,249,300
Samsung Galaxy A3,Samsung,1.5,2015,7,6.21,cc,271,1033,198,182,100,408,744,100,19,35,440,100
Xiaomi Redmi 6A,Xiaomi,2,2018,9,6.21,cc,362,1267,253,225,100,252,463,100,24,26,280,200
Huawei Y5,Huawei,2,2019,9,6.21,cc,347,1155,248,220,98.8,246,469,100,25,32,248,300
Samsung Galaxy J6,Samsung,3,2018,10,6.21,cc,327,1212,257,201,97,261,418,100,46,85,342,200
Samsung Galaxy A6,Samsung,3,2018,10,6.21,cc,324,1202,254,200,97,259,416,100,45,84,340,200
Samsung Galaxy J7 Pro,Samsung,3,2017,9,6.21,cc,318,1186,242,239,98.8,195,452,100,16,22,266,300
Honor 8S,Honor,3,2019,9,6.21,cc,344,1141,234,211,98.8,224,444,100,24,30,246,300
Samsung Galaxy J7,Samsung,2,2018,10,6.21,cc,320,1166,248,201,97,255,410,100,42,77,341,200
Blackview A80 Pro,Blackview,4,2019,9,6.21,cc,487,1138,245,251,100,114,220,100,29,33,160,500
Oppo A37,Oppo,2,2016,5.1,6.21,cc,294,880,170,182,100,350,647,100,22,40,334,200
Umidigi A5 Pro,Umidigi,4,2018,9,6.21,cc,494,1075,303,261,100,101,187,100,26,29,123,500
LG X power,LG,2,2016,6,6.21,cc,239,900,188,157,100,349,613,100,20,37,358,200
Samsung Galaxy J5,Samsung,2,2017,9,6.21,cc,323,1111,242,245,98.8,191,424,100,17,22,225,300
Ulefone Armor X5,Ulefone,3,2019,9,6.21,cc,500,1103,316,265,100,104,193,100,27,29,125,400
Alcatel 3x,Alcatel,6,2019,9,6.21,cc,499,1045,307,262,100,101,184,100,25,28,119,500
Samsung Galaxy S4,Samsung,2,2013,5,6.21,cc,342,868,233,229,100,339,639,100,26,35,311,100
Motorola E6s,Motorola,2,2020,9,6.21,cc,349,1008,279,217,100,251,465,100,27,24,227,200
LG X max,LG,1.5,2016,6,6.21,cc,231,887,178,155,100,323,572,100,20,34,359,200
Oppo A31,Oppo,4,2020,9,6.21,cc,497,985,288,249,100,99,186,100,28,25,113,500
Samsung Galaxy Grand Prime Plus,Samsung,1.5,2016,6,6.21,cc,233,848,182,148,100,328,562,100,20,36,329,200
LG Stylus 2,LG,1.5,2016,6,6.21,cc,223,868,174,140,100,333,533,100,19,31,362,200
Google Nexus 10,Google,2,2012,6,6.21,cc,288,907,194,142,100,267,436,100,23,35,392,200
Oppo A12,Oppo,3,2020,9,6.21,cc,496,997,279,262,100,103,193,100,26,28,121,400
Samsung Galaxy J2 Prime,Samsung,1.5,2016,6,6.21,cc,229,845,179,144,100,323,536,100,19,35,332,200
Galaxy Core Prime VE LTE,Galaxy,1,2015,5.1,6.21,cc,217,904,174,152,100,361,631,100,18,32,387,100
Lenovo Vibe P1m,Lenovo,2,2015,5.1,6.21,cc,260,753,179,164,100,316,604,100,20,32,278,200
Samsung Galaxy J5,Samsung,2,2016,7.1,6.21,cc,209,860,160,141,100,296,539,100,17,29,368,200
ZTE Blade A7 2020,ZTE,3,2020,9,6.21,cc,347,936,268,211,100,241,446,100,25,24,193,200
Samsung Galaxy A3,Samsung,1.5,2014,6,6.21,cc,211,859,155,133,100,297,545,100,18,33,361,200
Sony Xperia E5,Sony,1.5,2016,6,6.21,cc,237,811,161,151,100,346,578,100,21,38,252,200
Motorola G6 Play,Motorola,3,2018,9,6.21,cc,276,1050,219,178,98.8,195,406,100,20,23,213,200
LG Spirit,LG,1,2015,6,6.21,cc,222,893,169,146,100,304,571,100,19,37,384,100
Samsung Galaxy Grand Prime,Samsung,1,2014,5,6.21,cc,212,884,162,144,100,330,576,100,17,30,368,100
Motorola C Plus,Motorola,1,2017,7,6.21,cc,228,843,168,155,100,315,606,100,18,30,348,100
Samsung Galaxy J4,Samsung,2,2018,10,6.21,cc,264,981,204,179,97,198,362,100,20,39,302,200
Samsung Galaxy J3,Samsung,2,2017,9,6.21,cc,262,997,195,169,98.8,186,331,100,17,25,206,300
Nokia 6,Nokia,4,2017,9,6.21,cc,392,1122,91,130,98.8,96,263,100,9,15,111,500
Motorola Moto E4,Motorola,2,2017,7.1,6.21,cc,225,802,170,151,100,310,577,100,18,31,334,100
Alcatel Shine Lite,Alcatel,2,2016,6,6.21,cc,221,799,173,143,100,316,578,100,18,32,336,100
Motorola E4 Plus,Motorola,3,2017,7.1,6.21,cc,218,811,155,149,100,311,567,100,18,29,342,100
Alcatel 1,Alcatel,1,2018,8.1,6.21,cc,199,707,147,149,100,231,525,100,16,27,340,200
Asus Zenfone Max,Asus,2,2015,5,6.21,cc,253,670,182,153,100,267,506,100,21,31,250,200
Nokia 5,Nokia,2,2017,9,6.21,cc,401,1128,93,133,98.8,105,273,100,9,17,111,300
Motorola E3 Power,Motorola,2,2016,6,6.21,cc,182,700,141,120,100,265,495,100,15,29,292,200
Lenovo A2010,Lenovo,1,2015,5.1,6.21,cc,178,682,115,121,100,266,499,100,15,30,297,200
Alcatel LX,Alcatel,2,2018,8.1,6.21,cc,196,667,149,131,100,255,508,100,14,22,254,200
ZTE Blade V7 Lite,ZTE,1,2016,6,6.21,cc,172,683,113,111,100,269,482,100,15,29,285,200
Nokia 3,Nokia,2,2017,9,6.21,cc,316,881,96,114,98.8,164,285,100,9,22,215,300
LG K7,LG,1,2017,6,6.21,cc,191,729,140,129,100,274,510,100,17,29,312,100
Sony Xperia T,Sony,1,2012,4.3,6.21,cc,314,626,204,180,100,210,408,100,23,24,222,100
Motorola E6 Play,Motorola,2,2019,9,6.21,cc,262,794,176,153,100,155,284,100,16,21,182,200
Alcatel Pixi 4 (5),Alcatel,1,2016,6,6.21,cc,171,674,113,114,100,265,474,100,15,29,291,100
Asus Zenfone Zoom,Asus,4,2015,5,6.21,cc,76,663,59,48,100,201,342,100,8,21,343,500
Jolla Phone,Jolla,1,2013,4.1,6.21,cc,282,626,167,163,100,199,378,100,20,26,228,100
BlackBerry Classic,BlackBerry,2,2014,4.3,8.2,cc,277,528,185,177,99,167,341,100,17,26,193,200
Samsung Galaxy Note 10.1,Samsung,2,2012,4.4,6.21,cc,260,473,204,171,100,165,307,100,20,26,226,200
Samsung Galaxy S3,Samsung,2,2012,4.3,6.21,cc,253,473,199,160,100,173,298,100,20,26,243,200
Samsung Galaxy J4+,Samsung,2,2018,9,6.21,cc,215,866,115,103,98.8,137,261,100,11,20,170,200
HTC One S,HTC,1,2012,4.1,6.21,cc,270,600,170,155,99,180,325,100,14,36,192,100
Asus Memo Pad 7,Asus,1,2014,5,6.21,cc,59,546,45,38,100,163,275,100,6,17,294,700
Asus Zenfone 2,Asus,4,2015,6,6.21,cc,67,604,46,39,100,170,287,100,4,19,306,400
Lenovo Yoga Tablet 2 10.1,Lenovo,2,2014,5,6.21,cc,58,548,45,39,100,161,278,100,6,17,303,500
Asus PadFone,Asus,1,2012,4.1,6.21,cc,209,593,125,110,99,189,326,100,17,31,164,100
Samsung Galaxy J3,Samsung,1.5,2016,7.1,6.21,cc,175,445,135,116,100,173,325,100,15,16,188,200
Asus Zenpad S 8.0,Asus,2,2015,6,6.21,cc,59,544,46,37,100,159,272,100,6,18,304,400
Huawei Ascend P6,Huawei,2,2013,4.2,6.21,cc,239,379,186,149,99,134,177,100,15,18,189,200
Huawei Ascend Mate,Huawei,2,2013,4.1,6.21,cc,241,374,190,151,99,134,176,100,15,19,184,200
HTC Desire 650,HTC,2,2016,6,6.21,cc,151,417,117,89,100,157,274,100,14,17,191,200
Huawei Y3,Huawei,1,2017,6,6.21,cc,149,405,114,96,100,160,282,100,16,17,170,200
Doogee X9 Mini,Doogee,1,2016,6,6.21,cc,155,405,115,93,100,159,278,100,15,17,170,200
Samsung Galaxy J2,Samsung,1.5,2016,6,6.21,cc,146,398,110,101,100,153,287,100,14,16,178,200
Micromax Canvas Unite 4 Pro,Micromax,2,2016,5.1,6.21,cc,153,397,116,99,100,151,277,100,14,16,171,200
Samsung Galaxy J1 Ace,Samsung,1,2015,5.1,6.21,cc,167,436,127,108,100,170,302,100,15,16,176,100
Impression ImSmart C551,Impression,2,2018,6,6.21,cc,150,400,114,94,100,158,274,100,15,17,166,200
Samsung Galaxy J1 mini prime,Samsung,1,2016,6,6.21,cc,164,436,122,107,100,156,304,100,13,16,192,100
Ulefone Armor X2,Ulefone,2,2018,8.1,6.21,cc,152,397,116,99,100,154,270,100,13,15,166,200
Asus Zenfone Go,Asus,2,2016,5.1,6.21,cc,145,415,116,84,100,157,252,100,13,16,183,200
Samsung Galaxy S5 mini,Samsung,1.5,2014,6,6.21,cc,161,431,126,100,100,170,302,100,15,17,173,100
BLU C5 Plus,BLU,1,2019,8.1,6.21,cc,144,393,101,95,100,151,260,100,13,14,175,200
LG Ray,LG,1,2015,5.1,6.21,cc,122,463,94,77,100,194,275,100,24,30,188,100
HomTom HT16,HomTom,1,2016,6,6.21,cc,149,379,112,93,100,154,269,100,15,16,155,200
Samsung Galaxy Grand Prime,Samsung,1,2014,5.1,6.21,cc,155,371,112,98,100,150,261,100,14,16,143,200
Infinix Smart 2 HD,Infinix,1,2018,8.1,6.21,cc,151,386,111,70,100,143,247,100,12,16,168,200
Samsung Galaxy J2,Samsung,1,2015,5.1,6.21,cc,153,409,117,90,100,161,267,100,14,20,184,100
BLU Studio X,BLU,1,2015,5,6.21,cc,147,410,98,92,100,162,275,100,16,17,181,100
Samsung Galaxy J3,Samsung,1.5,2016,7.1,6.21,cc,133,393,102,95,100,150,269,100,12,17,181,100
Lenovo A10-70,Lenovo,1,2014,4.4,6.21,cc,152,394,117,99,99,163,215,100,11,16,186,100
LG G2 mini LTE,LG,1,2014,5,6.21,cc,140,386,106,90,100,150,264,100,13,15,165,100
Lenovo A7-50,Lenovo,1,2014,4.4,6.21,cc,120,398,78,99,99,156,220,100,9,14,186,100
Acer Iconia Tab,Acer,1,2014,4.4,6.21,cc,150,393,95,97,99,109,214,100,10,14,182,100
Wiko Tommy,Wiko,1,2016,6,6.21,cc,132,373,91,79,100,131,235,100,13,15,173,100
Lenovo TAB 10,Lenovo,1,2017,6,6.21,cc,139,372,107,78,100,126,227,100,12,15,163,100
LG Wine Smart,LG,1,2015,5.1,6.21,cc,126,361,93,82,100,111,207,100,14,15,164,200
HTC One X+,HTC,1,2012,5.1,6.21,cc,215,272,105,122,100,94,187,100,13,17,91,200
Asus Zenfone 6,Asus,2,2014,4.4,6.21,cc,44,354,33,27,99,138,174,100,2,15,161,600
Sony Xperia M2,Sony,1,2014,5.1,6.21,cc,131,332,103,83,100,136,228,100,12,15,140,100
Sony Xperia M2 Aqua,Sony,1,2014,5.1,6.21,cc,130,327,99,82,100,133,219,100,12,15,139,100
Google Nexus 7,Google,1,2012,7.1,6.21,cc,174,257,99,102,100,79,164,100,13,14,97,200
Samsung Galaxy Trend Plus,Samsung,0.75,2013,4.4,6.21,cc,150,301,105,89,99,105,147,100,10,11,117,100
Samsung Galaxy Grand Neo,Samsung,1,2014,4.2,6.21,cc,133,275,97,92,99,95,138,100,8,14,134,100
Samsung Galaxy S II Plus,Samsung,1,2013,5.1,6.21,cc,152,259,104,88,100,81,141,100,12,14,108,100
Alcatel Fierce,Alcatel,1,2013,4.2,6.21,cc,137,262,89,89,99,102,136,100,9,15,118,100
Philips W8510,Philips,1,2013,4.2,7.2,cc,140,263,91,87,99,88,145,100,9,16,110,100
Samsung Galaxy Core LTE,Samsung,1,2014,4.2,6.21,cc,122,287,84,91,99,61,148,100,7,13,138,100
Prestigio MultiPad 4 Ultra Quad,Prestigio,1,2014,4.2,6.21,cc,138,260,90,85,99,91,136,100,9,15,115,100
HTC EVO 3D,HTC,1,2011,4,6.21,cc,117,306,72,62,99,101,132,100,8,11,102,100
Motorola RAZR D3,Motorola,1,2013,4.1,6.21,cc,105,290,60,58,99,117,147,100,10,13,91,100
Samsung Galaxy S2,Samsung,1,2011,4.1,6.21,cc,107,258,66,65,99,105,114,100,9,14,104,100
Samsung Galaxy J1,Samsung,0.5,2015,4.4,6.21,cc,88,262,59,55,99,98,133,100,5,9,112,100
Samsung Galaxy S3 mini,Samsung,1,2012,4.1,6.21,cc,123,215,84,71,99,76,115,100,6,10,82,100
Motorola DROID RAZR,Motorola,1,2011,4.1,6.21,cc,111,224,78,60,99,69,113,100,5,10,76,100
Sony Ericsson Xperia Arc S,Sony,0.5,2011,4,7.2,cc,90,247,55,42,99,82,115,100,6,10,82,100
Huawei Ascend Y330,Huawei,0.5,2014,4.2,6.21,cc,96,193,63,53,99,63,97,100,7,9,82,100
Google Nexus S,Google,0.5,2010,4.1,6.21,cc,91,201,58,48,99,67,90,100,4,8,71,100
HTC HD2,HTC,0.5,2009,4.1,7.2,cc,90,190,54,41,99,69,98,100,5,8,56,100
Samsung Galaxy Win,Samsung,1,2013,4.1,6.21,cc,57,182,38,29,99,48,63,100,6,9,94,100
Samsung Galaxy Core,Samsung,1,2013,4.1,6.21,cc,58,168,34,30,99,47,65,100,5,9,67,100
HTC Desire Z,HTC,0.5,2010,4,6.21,cc,65,126,40,32,99,58,52,100,4,5,43,100
Samsung Galaxy Star Pro,Samsung,0.5,2013,4.1,6.21,cc,42,125,25,22,99,32,50,100,2,4,53,100
Samsung Galaxy S Duos,Samsung,0.75,2012,4,7.2,cc,44,103,26,24,99,33,47,100,3,4,35,100
Sony Xperia Tipo,Sony,0.5,2012,4,6.21,cc,36,87,21,19,99,28,38,100,2,3,30,100
LG Optimus L7,LG,0.5,2012,4,8.2,cc,30,64,18,15,99,18,36,100,2,3,26,100
